Query: select "id", "name", "category", "product_type", "hs_code" from "products" where "products"."company_id" = $1 -- params: [91]
Found 969 products for Rabyon Investments
Query: update "products" set "hs_code" = $1, "category" = $2, "product_type" = $3 where "products"."id" = $4 -- params: ["4820.20.00", "Stationery", "good", 8450]
Updated 2 QUIRE COUNTER BOOKS -> Stationery / 4820.20.00 / good
Query: update "products" set "hs_code" = $1, "category" = $2, "product_type" = $3 where "products"."id" = $4 -- params: ["4820.20.00", "Stationery", "good", 8451]
Updated 32PGS EXERCISE BOOKS -> Stationery / 4820.20.00 / good
Query: update "products" set "hs_code" = $1, "category" = $2, "product_type" = $3 where "products"."id" = $4 -- params: ["2202.10.00", "Beverages - Non-Alcoholic", "good", 8452]
Updated 350ML COKES -> Beverages - Non-Alcoholic / 2202.10.00 / good
Query: update "products" set "hs_code" = $1, "category" = $2, "product_type" = $3 where "products"."id" = $4 -- params: ["1512.19.00", "Groceries - Staples", "good", 8453]
Updated 375ML COOKING OIL -> Groceries - Staples / 1512.19.00 / good
Query: update "products" set "hs_code" = $1, "category" = $2, "product_type" = $3 where "products"."id" = $4 -- params: ["2106.90.90", "General Groceries", "good", 8454]
Updated 375MLS  ZIMGOLD -> General Groceries / 2106.90.90 / good
Query: update "products" set "hs_code" = $1, "category" = $2, "product_type" = $3 where "products"."id" = $4 -- params: ["1905.90.00", "Snacks & Sweets", "good", 8455]
Updated 3D CORNADOS 100G -> Snacks & Sweets / 1905.90.00 / good
Query: update "products" set "hs_code" = $1, "category" = $2, "product_type" = $3 where "products"."id" = $4 -- params: ["2208.90.00", "Beverages - Alcoholic", "good", 8457]
Updated 4TH STREET 750ML -> Beverages - Alcoholic / 2208.90.00 / good
Query: update "products" set "hs_code" = $1, "category" = $2, "product_type" = $3 where "products"."id" = $4 -- params: ["3304.99.00", "Toiletries & Cosmetics", "good", 8458]
Updated 5 litre ice cream -> Toiletries & Cosmetics / 3304.99.00 / good
Query: update "products" set "hs_code" = $1, "category" = $2, "product_type" = $3 where "products"."id" = $4 -- params: ["4820.20.00", "Stationery", "good", 8459]
Updated 72PGS EXERCISE BOOKS -> Stationery / 4820.20.00 / good
Query: update "products" set "hs_code" = $1, "category" = $2, "product_type" = $3 where "products"."id" = $4 -- params: ["2202.10.00", "Beverages - Non-Alcoholic", "good", 8460]
Updated 7UP 500ML -> Beverages - Non-Alcoholic / 2202.10.00 / good
Query: update "products" set "hs_code" = $1, "category" = $2, "product_type" = $3 where "products"."id" = $4 -- params: ["3304.99.00", "Toiletries & Cosmetics", "good", 8461]
Updated 7W LOTION- GLEAMING 500ML -> Toiletries & Cosmetics / 3304.99.00 / good
Query: update "products" set "hs_code" = $1, "category" = $2, "product_type" = $3 where "products"."id" = $4 -- params: ["3304.99.00", "Toiletries & Cosmetics", "good", 8462]
Updated 7W LOTION-CARROT OIL 500ML -> Toiletries & Cosmetics / 3304.99.00 / good
Query: update "products" set "hs_code" = $1, "category" = $2, "product_type" = $3 where "products"."id" = $4 -- params: ["2208.90.00", "Beverages - Alcoholic", "good", 8463]
Updated 8PM BRANDY -> Beverages - Alcoholic / 2208.90.00 / good
Query: update "products" set "hs_code" = $1, "category" = $2, "product_type" = $3 where "products"."id" = $4 -- params: ["4820.20.00", "Stationery", "good", 8464]
Updated A5 1QUIRE COUNTER BOOKS -> Stationery / 4820.20.00 / good
Query: update "products" set "hs_code" = $1, "category" = $2, "product_type" = $3 where "products"."id" = $4 -- params: ["4820.20.00", "Stationery", "good", 8465]
Updated A5 32PAGES -> Stationery / 4820.20.00 / good
Query: update "products" set "hs_code" = $1, "category" = $2, "product_type" = $3 where "products"."id" = $4 -- params: ["2201.10.00", "Beverages - Non-Alcoholic", "good", 8466]
Updated ACQUACLEAR 1L -> Beverages - Non-Alcoholic / 2201.10.00 / good
Query: update "products" set "hs_code" = $1, "category" = $2, "product_type" = $3 where "products"."id" = $4 -- params: ["2201.10.00", "Beverages - Non-Alcoholic", "good", 8467]
Updated ACQUACLEAR 750ML -> Beverages - Non-Alcoholic / 2201.10.00 / good
Query: update "products" set "hs_code" = $1, "category" = $2, "product_type" = $3 where "products"."id" = $4 -- params: ["2201.10.00", "Beverages - Non-Alcoholic", "good", 8468]
Updated ACQUACLEAR MINERAL WATER 500ML -> Beverages - Non-Alcoholic / 2201.10.00 / good
Query: update "products" set "hs_code" = $1, "category" = $2, "product_type" = $3 where "products"."id" = $4 -- params: ["2106.90.90", "General Groceries", "good", 8469]
Updated ACTIV8 GRAPE 500ML -> General Groceries / 2106.90.90 / good
Query: update "products" set "hs_code" = $1, "category" = $2, "product_type" = $3 where "products"."id" = $4 -- params: ["2106.90.90", "General Groceries", "good", 8470]
Updated ACTIVATE 500MLS -> General Groceries / 2106.90.90 / good
Query: update "products" set "hs_code" = $1, "category" = $2, "product_type" = $3 where "products"."id" = $4 -- params: ["3304.99.00", "Toiletries & Cosmetics", "good", 8471]
Updated ADDIDAS SPRAY 150ML -> Toiletries & Cosmetics / 3304.99.00 / good
Query: update "products" set "hs_code" = $1, "category" = $2, "product_type" = $3 where "products"."id" = $4 -- params: ["1905.90.00", "Snacks & Sweets", "good", 8472]
Updated ADLA POPS -> Snacks & Sweets / 1905.90.00 / good
Query: update "products" set "hs_code" = $1, "category" = $2, "product_type" = $3 where "products"."id" = $4 -- params: ["2103.90.00", "Groceries - Condiments", "good", 8473]
Updated ALL GOLD SAUCE 700ML -> Groceries - Condiments / 2103.90.00 / good
Query: update "products" set "hs_code" = $1, "category" = $2, "product_type" = $3 where "products"."id" = $4 -- params: ["3304.99.00", "Toiletries & Cosmetics", "good", 8474]
Updated ALOE COLGATE 105G -> Toiletries & Cosmetics / 3304.99.00 / good
Query: update "products" set "hs_code" = $1, "category" = $2, "product_type" = $3 where "products"."id" = $4 -- params: ["3402.20.00", "Cleaning & Detergents", "good", 8475]
Updated ALOHA 1KG -> Cleaning & Detergents / 3402.20.00 / good
Query: update "products" set "hs_code" = $1, "category" = $2, "product_type" = $3 where "products"."id" = $4 -- params: ["3402.20.00", "Cleaning & Detergents", "good", 8476]
Updated ALOHA 500G -> Cleaning & Detergents / 3402.20.00 / good
Query: update "products" set "hs_code" = $1, "category" = $2, "product_type" = $3 where "products"."id" = $4 -- params: ["3402.20.00", "Cleaning & Detergents", "good", 8477]
Updated ALOHA 750MLS -> Cleaning & Detergents / 3402.20.00 / good
Query: update "products" set "hs_code" = $1, "category" = $2, "product_type" = $3 where "products"."id" = $4 -- params: ["3402.20.00", "Cleaning & Detergents", "good", 8478]
Updated ALOHA FABRIC  CONDITIONER 2L -> Cleaning & Detergents / 3402.20.00 / good
Query: update "products" set "hs_code" = $1, "category" = $2, "product_type" = $3 where "products"."id" = $4 -- params: ["3402.20.00", "Cleaning & Detergents", "good", 8479]
Updated ALOHA SCOURER 500ML -> Cleaning & Detergents / 3402.20.00 / good
Query: update "products" set "hs_code" = $1, "category" = $2, "product_type" = $3 where "products"."id" = $4 -- params: ["3402.20.00", "Cleaning & Detergents", "good", 8480]
Updated ALOHA WASHING POWDER 2KG -> Cleaning & Detergents / 3402.20.00 / good
Query: update "products" set "hs_code" = $1, "category" = $2, "product_type" = $3 where "products"."id" = $4 -- params: ["3304.99.00", "Toiletries & Cosmetics", "good", 8481]
Updated ALWAYS PADS 8s -> Toiletries & Cosmetics / 3304.99.00 / good
Query: update "products" set "hs_code" = $1, "category" = $2, "product_type" = $3 where "products"."id" = $4 -- params: ["2208.90.00", "Beverages - Alcoholic", "good", 8482]
Updated AMARULA 750ML -> Beverages - Alcoholic / 2208.90.00 / good
Query: update "products" set "hs_code" = $1, "category" = $2, "product_type" = $3 where "products"."id" = $4 -- params: ["2202.10.00", "Beverages - Non-Alcoholic", "good", 8483]
Updated AMASIP SIP 250ML -> Beverages - Non-Alcoholic / 2202.10.00 / good
Query: update "products" set "hs_code" = $1, "category" = $2, "product_type" = $3 where "products"."id" = $4 -- params: ["2202.10.00", "Beverages - Non-Alcoholic", "good", 8484]
Updated AMASIP SIP 400ML -> Beverages - Non-Alcoholic / 2202.10.00 / good
Query: update "products" set "hs_code" = $1, "category" = $2, "product_type" = $3 where "products"."id" = $4 -- params: ["2202.10.00", "Beverages - Non-Alcoholic", "good", 8485]
Updated AMASIP SIP 500ML -> Beverages - Non-Alcoholic / 2202.10.00 / good
Query: update "products" set "hs_code" = $1, "category" = $2, "product_type" = $3 where "products"."id" = $4 -- params: ["2106.90.90", "General Groceries", "good", 8486]
Updated AMAZON  MONSTA -> General Groceries / 2106.90.90 / good
Query: update "products" set "hs_code" = $1, "category" = $2, "product_type" = $3 where "products"."id" = $4 -- params: ["1905.90.00", "Snacks & Sweets", "good", 8487]
Updated AMAZON BALLGUMS 2S -> Snacks & Sweets / 1905.90.00 / good
Query: update "products" set "hs_code" = $1, "category" = $2, "product_type" = $3 where "products"."id" = $4 -- params: ["1905.90.00", "Snacks & Sweets", "good", 8488]
Updated AMAZON BALLGUMS 2`S -> Snacks & Sweets / 1905.90.00 / good
Query: update "products" set "hs_code" = $1, "category" = $2, "product_type" = $3 where "products"."id" = $4 -- params: ["1905.90.00", "Snacks & Sweets", "good", 8489]
Updated AMAZON BUBBLE GUM 4S -> Snacks & Sweets / 1905.90.00 / good
Query: update "products" set "hs_code" = $1, "category" = $2, "product_type" = $3 where "products"."id" = $4 -- params: ["1905.90.00", "Snacks & Sweets", "good", 8490]
Updated AMAZON COOKIES -> Snacks & Sweets / 1905.90.00 / good
Query: update "products" set "hs_code" = $1, "category" = $2, "product_type" = $3 where "products"."id" = $4 -- params: ["1905.90.00", "Snacks & Sweets", "good", 8491]
Updated AMAZON ECCLAIR POPS -> Snacks & Sweets / 1905.90.00 / good
Query: update "products" set "hs_code" = $1, "category" = $2, "product_type" = $3 where "products"."id" = $4 -- params: ["1905.90.00", "Snacks & Sweets", "good", 8492]
Updated AMAZON GUMBO 5S -> Snacks & Sweets / 1905.90.00 / good
Query: update "products" set "hs_code" = $1, "category" = $2, "product_type" = $3 where "products"."id" = $4 -- params: ["3304.99.00", "Toiletries & Cosmetics", "good", 8493]
Updated AMAZON MONSTA CREAMS -> Toiletries & Cosmetics / 3304.99.00 / good
Query: update "products" set "hs_code" = $1, "category" = $2, "product_type" = $3 where "products"."id" = $4 -- params: ["1905.90.00", "Snacks & Sweets", "good", 8494]
Updated AMAZON POPS UNITS -> Snacks & Sweets / 1905.90.00 / good
Query: update "products" set "hs_code" = $1, "category" = $2, "product_type" = $3 where "products"."id" = $4 -- params: ["1905.90.00", "Snacks & Sweets", "good", 8495]
Updated AMAZON TOFFEE BAR -> Snacks & Sweets / 1905.90.00 / good
Query: update "products" set "hs_code" = $1, "category" = $2, "product_type" = $3 where "products"."id" = $4 -- params: ["1905.90.00", "Snacks & Sweets", "good", 8496]
Updated AMAZON TOFFEES 5s -> Snacks & Sweets / 1905.90.00 / good
Query: update "products" set "hs_code" = $1, "category" = $2, "product_type" = $3 where "products"."id" = $4 -- params: ["0808.10.00", "Fruits & Vegetables", "good", 8498]
Updated APPLES -> Fruits & Vegetables / 0808.10.00 / good
Query: update "products" set "hs_code" = $1, "category" = $2, "product_type" = $3 where "products"."id" = $4 -- params: ["0808.10.00", "Fruits & Vegetables", "good", 8499]
Updated APPLES ($1PACK) -> Fruits & Vegetables / 0808.10.00 / good
Query: update "products" set "hs_code" = $1, "category" = $2, "product_type" = $3 where "products"."id" = $4 -- params: ["3304.99.00", "Toiletries & Cosmetics", "good", 8500]
Updated ARENEL CHOC CREAMS 125G -> Toiletries & Cosmetics / 3304.99.00 / good
Query: update "products" set "hs_code" = $1, "category" = $2, "product_type" = $3 where "products"."id" = $4 -- params: ["3304.99.00", "Toiletries & Cosmetics", "good", 8501]
Updated ARENEL CHOC CREAMS 150G -> Toiletries & Cosmetics / 3304.99.00 / good
Query: update "products" set "hs_code" = $1, "category" = $2, "product_type" = $3 where "products"."id" = $4 -- params: ["3304.99.00", "Toiletries & Cosmetics", "good", 8502]
Updated ARENEL CUSTARD CREAMS 150G -> Toiletries & Cosmetics / 3304.99.00 / good
Query: update "products" set "hs_code" = $1, "category" = $2, "product_type" = $3 where "products"."id" = $4 -- params: ["2106.90.90", "General Groceries", "good", 8503]
Updated ARENEL FUN PACK -> General Groceries / 2106.90.90 / good
Query: update "products" set "hs_code" = $1, "category" = $2, "product_type" = $3 where "products"."id" = $4 -- params: ["2103.90.00", "Groceries - Condiments", "good", 8504]
Updated ARENEL HADYANA SOUP 50G -> Groceries - Condiments / 2103.90.00 / good
Query: update "products" set "hs_code" = $1, "category" = $2, "product_type" = $3 where "products"."id" = $4 -- params: ["3304.99.00", "Toiletries & Cosmetics", "good", 8506]
Updated ARENEL LEMON CREAMS 150G -> Toiletries & Cosmetics / 3304.99.00 / good
Query: update "products" set "hs_code" = $1, "category" = $2, "product_type" = $3 where "products"."id" = $4 -- params: ["2106.90.90", "General Groceries", "good", 8507]
Updated ARENEL LOOSE 250G -> General Groceries / 2106.90.90 / good
Query: update "products" set "hs_code" = $1, "category" = $2, "product_type" = $3 where "products"."id" = $4 -- params: ["2106.90.90", "General Groceries", "good", 8508]
Updated ARENEL LOOSE 2KG -> General Groceries / 2106.90.90 / good
Query: update "products" set "hs_code" = $1, "category" = $2, "product_type" = $3 where "products"."id" = $4 -- params: ["2106.90.90", "General Groceries", "good", 8509]
Updated ARENEL MUKOMBE 500ML -> General Groceries / 2106.90.90 / good
Query: update "products" set "hs_code" = $1, "category" = $2, "product_type" = $3 where "products"."id" = $4 -- params: ["1905.90.00", "Snacks & Sweets", "good", 8510]
Updated ARENEL SHERBET POPS -> Snacks & Sweets / 1905.90.00 / good
Query: update "products" set "hs_code" = $1, "category" = $2, "product_type" = $3 where "products"."id" = $4 -- params: ["2106.90.90", "General Groceries", "good", 8511]
Updated ARENEL VANILA 120G -> General Groceries / 2106.90.90 / good
Query: update "products" set "hs_code" = $1, "category" = $2, "product_type" = $3 where "products"."id" = $4 -- params: ["3304.99.00", "Toiletries & Cosmetics", "good", 8512]
Updated ARENEL VANILLA CREAMS 150G -> Toiletries & Cosmetics / 3304.99.00 / good
Query: update "products" set "hs_code" = $1, "category" = $2, "product_type" = $3 where "products"."id" = $4 -- params: ["1905.90.00", "Snacks & Sweets", "good", 8513]
Updated ARENEL ZAMBEZI POPS -> Snacks & Sweets / 1905.90.00 / good
Query: update "products" set "hs_code" = $1, "category" = $2, "product_type" = $3 where "products"."id" = $4 -- params: ["2106.90.90", "General Groceries", "good", 8514]
Updated AROMAT SEASONING 75G -> General Groceries / 2106.90.90 / good
Query: update "products" set "hs_code" = $1, "category" = $2, "product_type" = $3 where "products"."id" = $4 -- params: ["3304.99.00", "Toiletries & Cosmetics", "good", 8515]
Updated AXE SPRAY -> Toiletries & Cosmetics / 3304.99.00 / good
Query: update "products" set "hs_code" = $1, "category" = $2, "product_type" = $3 where "products"."id" = $4 -- params: ["2106.90.90", "General Groceries", "good", 8516]
Updated AYAAN SOLUTION -> General Groceries / 2106.90.90 / good
Query: update "products" set "hs_code" = $1, "category" = $2, "product_type" = $3 where "products"."id" = $4 -- params: ["2106.90.90", "General Groceries", "good", 8517]
Updated BABY CREZ 500ML -> General Groceries / 2106.90.90 / good
Query: update "products" set "hs_code" = $1, "category" = $2, "product_type" = $3 where "products"."id" = $4 -- params: ["2106.90.90", "General Groceries", "good", 8518]
Updated BABY LINE 500ML -> General Groceries / 2106.90.90 / good
Query: update "products" set "hs_code" = $1, "category" = $2, "product_type" = $3 where "products"."id" = $4 -- params: ["3304.99.00", "Toiletries & Cosmetics", "good", 8519]
Updated BABYSOFT TISSUE -> Toiletries & Cosmetics / 3304.99.00 / good
Query: update "products" set "hs_code" = $1, "category" = $2, "product_type" = $3 where "products"."id" = $4 -- params: ["1101.00.00", "Groceries - Staples", "good", 8520]
Updated BAKERS BEST FLOUR 2KG -> Groceries - Staples / 1101.00.00 / good
Query: update "products" set "hs_code" = $1, "category" = $2, "product_type" = $3 where "products"."id" = $4 -- params: ["2106.90.90", "General Groceries", "good", 8521]
Updated BAKERS INN LOAF -> General Groceries / 2106.90.90 / good
Query: update "products" set "hs_code" = $1, "category" = $2, "product_type" = $3 where "products"."id" = $4 -- params: ["2102.10.00", "Baking Supplies", "good", 8522]
Updated BAKING POWDER 100G -> Baking Supplies / 2102.10.00 / good
Query: update "products" set "hs_code" = $1, "category" = $2, "product_type" = $3 where "products"."id" = $4 -- params: ["2106.90.90", "General Groceries", "good", 8523]
Updated BALANTINES 1L -> General Groceries / 2106.90.90 / good
Query: update "products" set "hs_code" = $1, "category" = $2, "product_type" = $3 where "products"."id" = $4 -- params: ["2106.90.90", "General Groceries", "good", 8524]
Updated BALLYHOUSE CREMESODA 2L -> General Groceries / 2106.90.90 / good
Query: update "products" set "hs_code" = $1, "category" = $2, "product_type" = $3 where "products"."id" = $4 -- params: ["2106.90.90", "General Groceries", "good", 8525]
Updated BALLYHOUSE DAIRY BLEND 2L -> General Groceries / 2106.90.90 / good
Query: update "products" set "hs_code" = $1, "category" = $2, "product_type" = $3 where "products"."id" = $4 -- params: ["0805.50.00", "Fruits & Vegetables", "good", 8526]
Updated BALLYHOUSE LEMON 2L -> Fruits & Vegetables / 0805.50.00 / good
Query: update "products" set "hs_code" = $1, "category" = $2, "product_type" = $3 where "products"."id" = $4 -- params: ["2106.90.90", "General Groceries", "good", 8527]
Updated BALLYHOUSE ORANGE 2L -> General Groceries / 2106.90.90 / good
Query: update "products" set "hs_code" = $1, "category" = $2, "product_type" = $3 where "products"."id" = $4 -- params: ["2106.90.90", "General Groceries", "good", 8528]
Updated BALLYHOUSE RASPBERY 2L -> General Groceries / 2106.90.90 / good
Query: update "products" set "hs_code" = $1, "category" = $2, "product_type" = $3 where "products"."id" = $4 -- params: ["0803.90.00", "Fruits & Vegetables", "good", 8529]
Updated BANANA UNITS -> Fruits & Vegetables / 0803.90.00 / good
Query: update "products" set "hs_code" = $1, "category" = $2, "product_type" = $3 where "products"."id" = $4 -- params: ["2106.90.90", "General Groceries", "good", 8530]
Updated BAYGON 300ML -> General Groceries / 2106.90.90 / good
Query: update "products" set "hs_code" = $1, "category" = $2, "product_type" = $3 where "products"."id" = $4 -- params: ["2208.90.00", "Beverages - Alcoholic", "good", 8531]
Updated BELGRAVIA GIN 275MLS -> Beverages - Alcoholic / 2208.90.00 / good
Query: update "products" set "hs_code" = $1, "category" = $2, "product_type" = $3 where "products"."id" = $4 -- params: ["2106.90.90", "General Groceries", "good", 8532]
Updated BELGRAVIA QTS -> General Groceries / 2106.90.90 / good
Query: update "products" set "hs_code" = $1, "category" = $2, "product_type" = $3 where "products"."id" = $4 -- params: ["1902.19.00", "Groceries - Pasta", "good", 8533]
Updated BELLA MACARONI 3KGS -> Groceries - Pasta / 1902.19.00 / good
Query: update "products" set "hs_code" = $1, "category" = $2, "product_type" = $3 where "products"."id" = $4 -- params: ["1902.19.00", "Groceries - Pasta", "good", 8534]
Updated BELLA SPAGHETTI -> Groceries - Pasta / 1902.19.00 / good
Query: update "products" set "hs_code" = $1, "category" = $2, "product_type" = $3 where "products"."id" = $4 -- params: ["3304.99.00", "Toiletries & Cosmetics", "good", 8535]
Updated BERVERY HIILS SPRAY -> Toiletries & Cosmetics / 3304.99.00 / good
Query: update "products" set "hs_code" = $1, "category" = $2, "product_type" = $3 where "products"."id" = $4 -- params: ["2208.90.00", "Beverages - Alcoholic", "good", 8536]
Updated BEST CLASSIC WHISKY 750ML -> Beverages - Alcoholic / 2208.90.00 / good
Query: update "products" set "hs_code" = $1, "category" = $2, "product_type" = $3 where "products"."id" = $4 -- params: ["3304.99.00", "Toiletries & Cosmetics", "good", 8537]
Updated BEST MARULA FRUIT CREAM 750ML -> Toiletries & Cosmetics / 3304.99.00 / good
Query: update "products" set "hs_code" = $1, "category" = $2, "product_type" = $3 where "products"."id" = $4 -- params: ["1902.19.00", "Groceries - Pasta", "good", 8538]
Updated BETTER BUY NOODLES 75G -> Groceries - Pasta / 1902.19.00 / good
Query: update "products" set "hs_code" = $1, "category" = $2, "product_type" = $3 where "products"."id" = $4 -- params: ["1902.19.00", "Groceries - Pasta", "good", 8539]
Updated BETTERBUY MACARONI 3KG -> Groceries - Pasta / 1902.19.00 / good
Query: update "products" set "hs_code" = $1, "category" = $2, "product_type" = $3 where "products"."id" = $4 -- params: ["1102.20.00", "Groceries - Staples", "good", 8540]
Updated BETTERBUY MEALIE MEAL 10KG. -> Groceries - Staples / 1102.20.00 / good
Query: update "products" set "hs_code" = $1, "category" = $2, "product_type" = $3 where "products"."id" = $4 -- params: ["3304.99.00", "Toiletries & Cosmetics", "good", 8541]
Updated BEVERLY HILLS ROLL ON -> Toiletries & Cosmetics / 3304.99.00 / good
Query: update "products" set "hs_code" = $1, "category" = $2, "product_type" = $3 where "products"."id" = $4 -- params: ["3304.99.00", "Toiletries & Cosmetics", "good", 8542]
Updated BEVERLY SPRAY 100ML -> Toiletries & Cosmetics / 3304.99.00 / good
Query: update "products" set "hs_code" = $1, "category" = $2, "product_type" = $3 where "products"."id" = $4 -- params: ["2106.90.90", "General Groceries", "good", 8543]
Updated BEVERLYHILLS 90MLS -> General Groceries / 2106.90.90 / good
Query: update "products" set "hs_code" = $1, "category" = $2, "product_type" = $3 where "products"."id" = $4 -- params: ["2106.90.90", "General Groceries", "good", 8545]
Updated BIG BEN 1KG -> General Groceries / 2106.90.90 / good
Query: update "products" set "hs_code" = $1, "category" = $2, "product_type" = $3 where "products"."id" = $4 -- params: ["3402.20.00", "Cleaning & Detergents", "good", 8546]
Updated BIG BOOM 48s -> Cleaning & Detergents / 3402.20.00 / good
Query: update "products" set "hs_code" = $1, "category" = $2, "product_type" = $3 where "products"."id" = $4 -- params: ["3605.00.00", "Hardware & Misc", "good", 8547]
Updated BIG FIVE MATCHES CARTON -> Hardware & Misc / 3605.00.00 / good
Query: update "products" set "hs_code" = $1, "category" = $2, "product_type" = $3 where "products"."id" = $4 -- params: ["2103.90.00", "Groceries - Condiments", "good", 8548]
Updated BIG TREE CURRY POWDER 100G -> Groceries - Condiments / 2103.90.00 / good
Query: update "products" set "hs_code" = $1, "category" = $2, "product_type" = $3 where "products"."id" = $4 -- params: ["2106.90.90", "General Groceries", "good", 8549]
Updated BIGTREE CORNFLAKES 500G -> General Groceries / 2106.90.90 / good
Query: update "products" set "hs_code" = $1, "category" = $2, "product_type" = $3 where "products"."id" = $4 -- params: ["2103.90.00", "Groceries - Condiments", "good", 8550]
Updated BIGTREE CURRY POWDER 50G -> Groceries - Condiments / 2103.90.00 / good
Query: update "products" set "hs_code" = $1, "category" = $2, "product_type" = $3 where "products"."id" = $4 -- params: ["1902.19.00", "Groceries - Pasta", "good", 8551]
Updated BINTO NOODLES 5 X 70G -> Groceries - Pasta / 1902.19.00 / good
Query: update "products" set "hs_code" = $1, "category" = $2, "product_type" = $3 where "products"."id" = $4 -- params: ["2103.90.00", "Groceries - Condiments", "good", 8552]
Updated BINTO USAVI 12G -> Groceries - Condiments / 2103.90.00 / good
Query: update "products" set "hs_code" = $1, "category" = $2, "product_type" = $3 where "products"."id" = $4 -- params: ["2103.90.00", "Groceries - Condiments", "good", 8553]
Updated BINTO USAVI 50G -> Groceries - Condiments / 2103.90.00 / good
Query: update "products" set "hs_code" = $1, "category" = $2, "product_type" = $3 where "products"."id" = $4 -- params: ["2106.90.90", "General Groceries", "good", 8554]
Updated BIO CLAIRE 1L -> General Groceries / 2106.90.90 / good
Query: update "products" set "hs_code" = $1, "category" = $2, "product_type" = $3 where "products"."id" = $4 -- params: ["2106.90.90", "General Groceries", "good", 8555]
Updated BISKO 250G -> General Groceries / 2106.90.90 / good
Query: update "products" set "hs_code" = $1, "category" = $2, "product_type" = $3 where "products"."id" = $4 -- params: ["2106.90.90", "General Groceries", "good", 8556]
Updated BISTO 125G -> General Groceries / 2106.90.90 / good
Query: update "products" set "hs_code" = $1, "category" = $2, "product_type" = $3 where "products"."id" = $4 -- params: ["2106.90.90", "General Groceries", "good", 8557]
Updated BISTO 250G -> General Groceries / 2106.90.90 / good
Query: update "products" set "hs_code" = $1, "category" = $2, "product_type" = $3 where "products"."id" = $4 -- params: ["3402.20.00", "Cleaning & Detergents", "good", 8558]
Updated BIVI SHOE POLISH 50ML -> Cleaning & Detergents / 3402.20.00 / good
Query: update "products" set "hs_code" = $1, "category" = $2, "product_type" = $3 where "products"."id" = $4 -- params: ["2208.90.00", "Beverages - Alcoholic", "good", 8559]
Updated BLACK LABEL PINTS -> Beverages - Alcoholic / 2208.90.00 / good
Query: update "products" set "hs_code" = $1, "category" = $2, "product_type" = $3 where "products"."id" = $4 -- params: ["2106.90.90", "General Groceries", "good", 8560]
Updated BLACKLABEL 750ML -> General Groceries / 2106.90.90 / good
Query: update "products" set "hs_code" = $1, "category" = $2, "product_type" = $3 where "products"."id" = $4 -- params: ["2106.90.90", "General Groceries", "good", 8561]
Updated BLACKLABEL CAN 440MLS -> General Groceries / 2106.90.90 / good
Query: update "products" set "hs_code" = $1, "category" = $2, "product_type" = $3 where "products"."id" = $4 -- params: ["2106.90.90", "General Groceries", "good", 8562]
Updated BLU -> General Groceries / 2106.90.90 / good
Query: update "products" set "hs_code" = $1, "category" = $2, "product_type" = $3 where "products"."id" = $4 -- params: ["2106.90.90", "General Groceries", "good", 8563]
Updated BLUE BAND 250G -> General Groceries / 2106.90.90 / good
Query: update "products" set "hs_code" = $1, "category" = $2, "product_type" = $3 where "products"."id" = $4 -- params: ["4820.20.00", "Stationery", "good", 8564]
Updated BLUE PEN -> Stationery / 4820.20.00 / good
Query: update "products" set "hs_code" = $1, "category" = $2, "product_type" = $3 where "products"."id" = $4 -- params: ["1101.00.00", "Groceries - Staples", "good", 8565]
Updated BLUE RIBBON FLOUR 2KG -> Groceries - Staples / 1101.00.00 / good
Query: update "products" set "hs_code" = $1, "category" = $2, "product_type" = $3 where "products"."id" = $4 -- params: ["2106.90.90", "General Groceries", "good", 8566]
Updated BLUEBAND 250G -> General Groceries / 2106.90.90 / good
Query: update "products" set "hs_code" = $1, "category" = $2, "product_type" = $3 where "products"."id" = $4 -- params: ["2106.90.90", "General Groceries", "good", 8567]
Updated BLUEBAND 450G -> General Groceries / 2106.90.90 / good
Query: update "products" set "hs_code" = $1, "category" = $2, "product_type" = $3 where "products"."id" = $4 -- params: ["2106.90.90", "General Groceries", "good", 8568]
Updated BODYLUX 200G -> General Groceries / 2106.90.90 / good
Query: update "products" set "hs_code" = $1, "category" = $2, "product_type" = $3 where "products"."id" = $4 -- params: ["2106.90.90", "General Groceries", "good", 8569]
Updated BOHLINGERS 340MLS -> General Groceries / 2106.90.90 / good
Query: update "products" set "hs_code" = $1, "category" = $2, "product_type" = $3 where "products"."id" = $4 -- params: ["2106.90.90", "General Groceries", "good", 8570]
Updated BOHLINGERS QUARTS -> General Groceries / 2106.90.90 / good
Query: update "products" set "hs_code" = $1, "category" = $2, "product_type" = $3 where "products"."id" = $4 -- params: ["2106.90.90", "General Groceries", "good", 8571]
Updated BONAQUA 5L -> General Groceries / 2106.90.90 / good
Query: update "products" set "hs_code" = $1, "category" = $2, "product_type" = $3 where "products"."id" = $4 -- params: ["2201.10.00", "Beverages - Non-Alcoholic", "good", 8572]
Updated BONAQUA M WATER 500ML -> Beverages - Non-Alcoholic / 2201.10.00 / good
Query: update "products" set "hs_code" = $1, "category" = $2, "product_type" = $3 where "products"."id" = $4 -- params: ["3402.20.00", "Cleaning & Detergents", "good", 8573]
Updated BOOM 150G -> Cleaning & Detergents / 3402.20.00 / good
Query: update "products" set "hs_code" = $1, "category" = $2, "product_type" = $3 where "products"."id" = $4 -- params: ["3402.20.00", "Cleaning & Detergents", "good", 8574]
Updated BOOM 1KG -> Cleaning & Detergents / 3402.20.00 / good
Query: update "products" set "hs_code" = $1, "category" = $2, "product_type" = $3 where "products"."id" = $4 -- params: ["3402.20.00", "Cleaning & Detergents", "good", 8575]
Updated BOOM 250G -> Cleaning & Detergents / 3402.20.00 / good
Query: update "products" set "hs_code" = $1, "category" = $2, "product_type" = $3 where "products"."id" = $4 -- params: ["3402.20.00", "Cleaning & Detergents", "good", 8576]
Updated BOOM 2KG -> Cleaning & Detergents / 3402.20.00 / good
Query: update "products" set "hs_code" = $1, "category" = $2, "product_type" = $3 where "products"."id" = $4 -- params: ["3402.20.00", "Cleaning & Detergents", "good", 8577]
Updated BOOM 500G -> Cleaning & Detergents / 3402.20.00 / good
Query: update "products" set "hs_code" = $1, "category" = $2, "product_type" = $3 where "products"."id" = $4 -- params: ["3402.20.00", "Cleaning & Detergents", "good", 8578]
Updated BOOM BOOM PUFFFS 20G -> Cleaning & Detergents / 3402.20.00 / good
Query: update "products" set "hs_code" = $1, "category" = $2, "product_type" = $3 where "products"."id" = $4 -- params: ["3402.20.00", "Cleaning & Detergents", "good", 8580]
Updated BOOM PASTE 200G -> Cleaning & Detergents / 3402.20.00 / good
Query: update "products" set "hs_code" = $1, "category" = $2, "product_type" = $3 where "products"."id" = $4 -- params: ["3402.20.00", "Cleaning & Detergents", "good", 8581]
Updated BOOM STA-SOFT2L -> Cleaning & Detergents / 3402.20.00 / good
Query: update "products" set "hs_code" = $1, "category" = $2, "product_type" = $3 where "products"."id" = $4 -- params: ["3402.20.00", "Cleaning & Detergents", "good", 8582]
Updated BOOM THICK BLEACH 750ML -> Cleaning & Detergents / 3402.20.00 / good
Query: update "products" set "hs_code" = $1, "category" = $2, "product_type" = $3 where "products"."id" = $4 -- params: ["2202.10.00", "Beverages - Non-Alcoholic", "good", 8583]
Updated BOTTLE DRINK 700ML -> Beverages - Non-Alcoholic / 2202.10.00 / good
Query: update "products" set "hs_code" = $1, "category" = $2, "product_type" = $3 where "products"."id" = $4 -- params: ["2106.90.90", "General Groceries", "good", 8584]
Updated BREAKFAST COFFEE 100G -> General Groceries / 2106.90.90 / good
Query: update "products" set "hs_code" = $1, "category" = $2, "product_type" = $3 where "products"."id" = $4 -- params: ["2106.90.90", "General Groceries", "good", 8585]
Updated BREAKFAST COFFEE 50G -> General Groceries / 2106.90.90 / good
Query: update "products" set "hs_code" = $1, "category" = $2, "product_type" = $3 where "products"."id" = $4 -- params: ["2106.90.90", "General Groceries", "good", 8586]
Updated BREEZE FOAMBATH 500ML -> General Groceries / 2106.90.90 / good
Query: update "products" set "hs_code" = $1, "category" = $2, "product_type" = $3 where "products"."id" = $4 -- params: ["2106.90.90", "General Groceries", "good", 8587]
Updated BRITA VASELINE 100MLS -> General Groceries / 2106.90.90 / good
Query: update "products" set "hs_code" = $1, "category" = $2, "product_type" = $3 where "products"."id" = $4 -- params: ["3304.99.00", "Toiletries & Cosmetics", "good", 8588]
Updated BRITELITE SOAP 1KG -> Toiletries & Cosmetics / 3304.99.00 / good
Query: update "products" set "hs_code" = $1, "category" = $2, "product_type" = $3 where "products"."id" = $4 -- params: ["2106.90.90", "General Groceries", "good", 8589]
Updated BRONO 250G -> General Groceries / 2106.90.90 / good
Query: update "products" set "hs_code" = $1, "category" = $2, "product_type" = $3 where "products"."id" = $4 -- params: ["2106.90.90", "General Groceries", "good", 8590]
Updated BRONO GRAVY 125G -> General Groceries / 2106.90.90 / good
Query: update "products" set "hs_code" = $1, "category" = $2, "product_type" = $3 where "products"."id" = $4 -- params: ["2106.90.90", "General Groceries", "good", 8591]
Updated BROTHERS  500MLS -> General Groceries / 2106.90.90 / good
Query: update "products" set "hs_code" = $1, "category" = $2, "product_type" = $3 where "products"."id" = $4 -- params: ["2106.90.90", "General Groceries", "good", 8593]
Updated BULL BRAND 280G -> General Groceries / 2106.90.90 / good
Query: update "products" set "hs_code" = $1, "category" = $2, "product_type" = $3 where "products"."id" = $4 -- params: ["2106.90.90", "General Groceries", "good", 8594]
Updated BULL BRAND 300G -> General Groceries / 2106.90.90 / good
Query: update "products" set "hs_code" = $1, "category" = $2, "product_type" = $3 where "products"."id" = $4 -- params: ["2208.90.00", "Beverages - Alcoholic", "good", 8595]
Updated BULLET WHISKY -> Beverages - Alcoholic / 2208.90.00 / good
Query: update "products" set "hs_code" = $1, "category" = $2, "product_type" = $3 where "products"."id" = $4 -- params: ["2106.90.90", "General Groceries", "good", 8597]
Updated BUTTERCUP 250G -> General Groceries / 2106.90.90 / good
Query: update "products" set "hs_code" = $1, "category" = $2, "product_type" = $3 where "products"."id" = $4 -- params: ["2106.90.90", "General Groceries", "good", 8598]
Updated BUTTERCUP TUBS 500G -> General Groceries / 2106.90.90 / good
Query: update "products" set "hs_code" = $1, "category" = $2, "product_type" = $3 where "products"."id" = $4 -- params: ["2106.90.90", "General Groceries", "good", 8599]
Updated BUTTERNUT SMALL PACK -> General Groceries / 2106.90.90 / good
Query: update "products" set "hs_code" = $1, "category" = $2, "product_type" = $3 where "products"."id" = $4 -- params: ["2106.90.90", "General Groceries", "good", 8600]
Updated BUTTERNUTS -> General Groceries / 2106.90.90 / good
Query: update "products" set "hs_code" = $1, "category" = $2, "product_type" = $3 where "products"."id" = $4 -- params: ["2106.90.90", "General Groceries", "good", 8601]
Updated BUTTERNUTS PACKED -> General Groceries / 2106.90.90 / good
Query: update "products" set "hs_code" = $1, "category" = $2, "product_type" = $3 where "products"."id" = $4 -- params: ["2106.90.90", "General Groceries", "good", 8602]
Updated BUX DEO FOR MEN 150ML -> General Groceries / 2106.90.90 / good
Query: update "products" set "hs_code" = $1, "category" = $2, "product_type" = $3 where "products"."id" = $4 -- params: ["2106.90.90", "General Groceries", "good", 8603]
Updated BUX DEO FOR WOMEN 150ML -> General Groceries / 2106.90.90 / good
Query: update "products" set "hs_code" = $1, "category" = $2, "product_type" = $3 where "products"."id" = $4 -- params: ["2106.90.90", "General Groceries", "good", 8604]
Updated CA -> General Groceries / 2106.90.90 / good
Query: update "products" set "hs_code" = $1, "category" = $2, "product_type" = $3 where "products"."id" = $4 -- params: ["2106.90.90", "General Groceries", "good", 8605]
Updated CABBAGES -> General Groceries / 2106.90.90 / good
Query: update "products" set "hs_code" = $1, "category" = $2, "product_type" = $3 where "products"."id" = $4 -- params: ["2106.90.90", "General Groceries", "good", 8606]
Updated CABBAGES BIG -> General Groceries / 2106.90.90 / good
Query: update "products" set "hs_code" = $1, "category" = $2, "product_type" = $3 where "products"."id" = $4 -- params: ["2106.90.90", "General Groceries", "good", 8607]
Updated CAFEMOL 2S -> General Groceries / 2106.90.90 / good
Query: update "products" set "hs_code" = $1, "category" = $2, "product_type" = $3 where "products"."id" = $4 -- params: ["2106.90.90", "General Groceries", "good", 8608]
Updated CAMPHOR HERBAL 500G -> General Groceries / 2106.90.90 / good
Query: update "products" set "hs_code" = $1, "category" = $2, "product_type" = $3 where "products"."id" = $4 -- params: ["2106.90.90", "General Groceries", "good", 8609]
Updated CAN STRONG 200ML -> General Groceries / 2106.90.90 / good
Query: update "products" set "hs_code" = $1, "category" = $2, "product_type" = $3 where "products"."id" = $4 -- params: ["2106.90.90", "General Groceries", "good", 8610]
Updated CANDLES -> General Groceries / 2106.90.90 / good
Query: update "products" set "hs_code" = $1, "category" = $2, "product_type" = $3 where "products"."id" = $4 -- params: ["2106.90.90", "General Groceries", "good", 8611]
Updated CAPE STYLE 1L -> General Groceries / 2106.90.90 / good
Query: update "products" set "hs_code" = $1, "category" = $2, "product_type" = $3 where "products"."id" = $4 -- params: ["2106.90.90", "General Groceries", "good", 8612]
Updated CARDBURY 80G -> General Groceries / 2106.90.90 / good
Query: update "products" set "hs_code" = $1, "category" = $2, "product_type" = $3 where "products"."id" = $4 -- params: ["2106.90.90", "General Groceries", "good", 8613]
Updated CARRIER BAGS -> General Groceries / 2106.90.90 / good
Query: update "products" set "hs_code" = $1, "category" = $2, "product_type" = $3 where "products"."id" = $4 -- params: ["2106.90.90", "General Groceries", "good", 8614]
Updated CARROTS 50C -> General Groceries / 2106.90.90 / good
Query: update "products" set "hs_code" = $1, "category" = $2, "product_type" = $3 where "products"."id" = $4 -- params: ["2106.90.90", "General Groceries", "good", 8615]
Updated CASCADE 1L -> General Groceries / 2106.90.90 / good
Query: update "products" set "hs_code" = $1, "category" = $2, "product_type" = $3 where "products"."id" = $4 -- params: ["2106.90.90", "General Groceries", "good", 8616]
Updated CASCADE 250ML -> General Groceries / 2106.90.90 / good
Query: update "products" set "hs_code" = $1, "category" = $2, "product_type" = $3 where "products"."id" = $4 -- params: ["2106.90.90", "General Groceries", "good", 8617]
Updated CASCADE 400ML -> General Groceries / 2106.90.90 / good
Query: update "products" set "hs_code" = $1, "category" = $2, "product_type" = $3 where "products"."id" = $4 -- params: ["2106.90.90", "General Groceries", "good", 8618]
Updated CASHEL VALLEY -> General Groceries / 2106.90.90 / good
Query: update "products" set "hs_code" = $1, "category" = $2, "product_type" = $3 where "products"."id" = $4 -- params: ["2106.90.90", "General Groceries", "good", 8619]
Updated CASTLE CAN 440MLS -> General Groceries / 2106.90.90 / good
Query: update "products" set "hs_code" = $1, "category" = $2, "product_type" = $3 where "products"."id" = $4 -- params: ["2106.90.90", "General Groceries", "good", 8620]
Updated CASTLE LITE 440MLS -> General Groceries / 2106.90.90 / good
Query: update "products" set "hs_code" = $1, "category" = $2, "product_type" = $3 where "products"."id" = $4 -- params: ["2106.90.90", "General Groceries", "good", 8621]
Updated CASTLE LITE 750ML -> General Groceries / 2106.90.90 / good
Query: update "products" set "hs_code" = $1, "category" = $2, "product_type" = $3 where "products"."id" = $4 -- params: ["2106.90.90", "General Groceries", "good", 8622]
Updated CASTLE LITE PINT -> General Groceries / 2106.90.90 / good
Query: update "products" set "hs_code" = $1, "category" = $2, "product_type" = $3 where "products"."id" = $4 -- params: ["2106.90.90", "General Groceries", "good", 8623]
Updated CASTLE PINTS -> General Groceries / 2106.90.90 / good
Query: update "products" set "hs_code" = $1, "category" = $2, "product_type" = $3 where "products"."id" = $4 -- params: ["2106.90.90", "General Groceries", "good", 8624]
Updated CASTLE QUARTS 750ML -> General Groceries / 2106.90.90 / good
Query: update "products" set "hs_code" = $1, "category" = $2, "product_type" = $3 where "products"."id" = $4 -- params: ["2106.90.90", "General Groceries", "good", 8625]
Updated CASTLELITE CAN 500ML -> General Groceries / 2106.90.90 / good
Query: update "products" set "hs_code" = $1, "category" = $2, "product_type" = $3 where "products"."id" = $4 -- params: ["1701.99.00", "Groceries - Staples", "good", 8626]
Updated CASTOR SUGAR 500G -> Groceries - Staples / 1701.99.00 / good
Query: update "products" set "hs_code" = $1, "category" = $2, "product_type" = $3 where "products"."id" = $4 -- params: ["2106.90.90", "General Groceries", "good", 8627]
Updated CAVALLAX SPEED 2 -> General Groceries / 2106.90.90 / good
Query: update "products" set "hs_code" = $1, "category" = $2, "product_type" = $3 where "products"."id" = $4 -- params: ["2106.90.90", "General Groceries", "good", 8628]
Updated CELLOTAPE -> General Groceries / 2106.90.90 / good
Query: update "products" set "hs_code" = $1, "category" = $2, "product_type" = $3 where "products"."id" = $4 -- params: ["2106.90.90", "General Groceries", "good", 8629]
Updated CELOTAPE BIG -> General Groceries / 2106.90.90 / good
Query: update "products" set "hs_code" = $1, "category" = $2, "product_type" = $3 where "products"."id" = $4 -- params: ["2106.90.90", "General Groceries", "good", 8630]
Updated CERELAC 250G -> General Groceries / 2106.90.90 / good
Query: update "products" set "hs_code" = $1, "category" = $2, "product_type" = $3 where "products"."id" = $4 -- params: ["2106.90.90", "General Groceries", "good", 8631]
Updated CERELAC 500G -> General Groceries / 2106.90.90 / good
Query: update "products" set "hs_code" = $1, "category" = $2, "product_type" = $3 where "products"."id" = $4 -- params: ["2106.90.90", "General Groceries", "good", 8632]
Updated CEREVITA SATCHETS 500G -> General Groceries / 2106.90.90 / good
Query: update "products" set "hs_code" = $1, "category" = $2, "product_type" = $3 where "products"."id" = $4 -- params: ["2208.90.00", "Beverages - Alcoholic", "good", 8633]
Updated CHALLENGER WHISKY -> Beverages - Alcoholic / 2208.90.00 / good
Query: update "products" set "hs_code" = $1, "category" = $2, "product_type" = $3 where "products"."id" = $4 -- params: ["2106.90.90", "General Groceries", "good", 8634]
Updated CHAMDOR -> General Groceries / 2106.90.90 / good
Query: update "products" set "hs_code" = $1, "category" = $2, "product_type" = $3 where "products"."id" = $4 -- params: ["2106.90.90", "General Groceries", "good", 8635]
Updated CHAMDOR 750ML -> General Groceries / 2106.90.90 / good
Query: update "products" set "hs_code" = $1, "category" = $2, "product_type" = $3 where "products"."id" = $4 -- params: ["2103.90.00", "Groceries - Condiments", "good", 8636]
Updated CHAMPION SALT 1KG -> Groceries - Condiments / 2103.90.00 / good
Query: update "products" set "hs_code" = $1, "category" = $2, "product_type" = $3 where "products"."id" = $4 -- params: ["2106.90.90", "General Groceries", "good", 8637]
Updated CHAMPIONS 5KG -> General Groceries / 2106.90.90 / good
Query: update "products" set "hs_code" = $1, "category" = $2, "product_type" = $3 where "products"."id" = $4 -- params: ["2106.90.90", "General Groceries", "good", 8638]
Updated CHARHON -> General Groceries / 2106.90.90 / good
Query: update "products" set "hs_code" = $1, "category" = $2, "product_type" = $3 where "products"."id" = $4 -- params: ["2106.90.90", "General Groceries", "good", 8639]
Updated CHARHONS 1KG -> General Groceries / 2106.90.90 / good
Query: update "products" set "hs_code" = $1, "category" = $2, "product_type" = $3 where "products"."id" = $4 -- params: ["2106.90.90", "General Groceries", "good", 8641]
Updated CHARHONS 2KG -> General Groceries / 2106.90.90 / good
Query: update "products" set "hs_code" = $1, "category" = $2, "product_type" = $3 where "products"."id" = $4 -- params: ["2106.90.90", "General Groceries", "good", 8642]
Updated CHARHONS 32G -> General Groceries / 2106.90.90 / good
Query: update "products" set "hs_code" = $1, "category" = $2, "product_type" = $3 where "products"."id" = $4 -- params: ["2106.90.90", "General Groceries", "good", 8643]
Updated CHARHONS 500G -> General Groceries / 2106.90.90 / good
Query: update "products" set "hs_code" = $1, "category" = $2, "product_type" = $3 where "products"."id" = $4 -- params: ["1905.90.00", "Snacks & Sweets", "good", 8644]
Updated CHARHONS COOKIES 1KG -> Snacks & Sweets / 1905.90.00 / good
Query: update "products" set "hs_code" = $1, "category" = $2, "product_type" = $3 where "products"."id" = $4 -- params: ["1905.90.00", "Snacks & Sweets", "good", 8645]
Updated CHARHONS COOKIES 250G -> Snacks & Sweets / 1905.90.00 / good
Query: update "products" set "hs_code" = $1, "category" = $2, "product_type" = $3 where "products"."id" = $4 -- params: ["1905.90.00", "Snacks & Sweets", "good", 8646]
Updated CHARHONS COOKIES 2KG -> Snacks & Sweets / 1905.90.00 / good
Query: update "products" set "hs_code" = $1, "category" = $2, "product_type" = $3 where "products"."id" = $4 -- params: ["2106.90.90", "General Groceries", "good", 8648]
Updated CHATEAU 200ML -> General Groceries / 2106.90.90 / good
Query: update "products" set "hs_code" = $1, "category" = $2, "product_type" = $3 where "products"."id" = $4 -- params: ["2106.90.90", "General Groceries", "good", 8649]
Updated CHATEAU 750ML -> General Groceries / 2106.90.90 / good
Query: update "products" set "hs_code" = $1, "category" = $2, "product_type" = $3 where "products"."id" = $4 -- params: ["1905.90.00", "Snacks & Sweets", "good", 8650]
Updated CHELSEA BISCUITS 175G -> Snacks & Sweets / 1905.90.00 / good
Query: update "products" set "hs_code" = $1, "category" = $2, "product_type" = $3 where "products"."id" = $4 -- params: ["2106.90.90", "General Groceries", "good", 8651]
Updated CHIBATAURA ROLLER MEAL -> General Groceries / 2106.90.90 / good
Query: update "products" set "hs_code" = $1, "category" = $2, "product_type" = $3 where "products"."id" = $4 -- params: ["2106.90.90", "General Groceries", "good", 8653]
Updated CHILLI 100ML -> General Groceries / 2106.90.90 / good
Query: update "products" set "hs_code" = $1, "category" = $2, "product_type" = $3 where "products"."id" = $4 -- params: ["2106.90.90", "General Groceries", "good", 8665]
Updated CLERE FOR LADIES 300ML -> General Groceries / 2106.90.90 / good
Query: update "products" set "hs_code" = $1, "category" = $2, "product_type" = $3 where "products"."id" = $4 -- params: ["2106.90.90", "General Groceries", "good", 8666]
Updated CLERE FOR LADIES 500ML -> General Groceries / 2106.90.90 / good
Query: update "products" set "hs_code" = $1, "category" = $2, "product_type" = $3 where "products"."id" = $4 -- params: ["2106.90.90", "General Groceries", "good", 8667]
Updated CLERE FOR MEN 400ML -> General Groceries / 2106.90.90 / good
Query: update "products" set "hs_code" = $1, "category" = $2, "product_type" = $3 where "products"."id" = $4 -- params: ["2106.90.90", "General Groceries", "good", 8668]
Updated CLERE GLYCERINE -> General Groceries / 2106.90.90 / good
Query: update "products" set "hs_code" = $1, "category" = $2, "product_type" = $3 where "products"."id" = $4 -- params: ["2106.90.90", "General Groceries", "good", 8669]
Updated CLERE GLYCERINE 100ML -> General Groceries / 2106.90.90 / good
Query: update "products" set "hs_code" = $1, "category" = $2, "product_type" = $3 where "products"."id" = $4 -- params: ["3304.99.00", "Toiletries & Cosmetics", "good", 8670]
Updated CLERE LOTION 400ML -> Toiletries & Cosmetics / 3304.99.00 / good
Query: update "products" set "hs_code" = $1, "category" = $2, "product_type" = $3 where "products"."id" = $4 -- params: ["3304.99.00", "Toiletries & Cosmetics", "good", 8671]
Updated CLEVER DOC TOOTHPASTE 110G -> Toiletries & Cosmetics / 3304.99.00 / good
Query: update "products" set "hs_code" = $1, "category" = $2, "product_type" = $3 where "products"."id" = $4 -- params: ["2106.90.90", "General Groceries", "good", 8672]
Updated CLOSE UP -> General Groceries / 2106.90.90 / good
Query: update "products" set "hs_code" = $1, "category" = $2, "product_type" = $3 where "products"."id" = $4 -- params: ["2106.90.90", "General Groceries", "good", 8673]
Updated CNARHONS LOOSE2KG -> General Groceries / 2106.90.90 / good
Query: update "products" set "hs_code" = $1, "category" = $2, "product_type" = $3 where "products"."id" = $4 -- params: ["2106.90.90", "General Groceries", "good", 8674]
Updated COFFEE BREAK 100G -> General Groceries / 2106.90.90 / good
Query: update "products" set "hs_code" = $1, "category" = $2, "product_type" = $3 where "products"."id" = $4 -- params: ["2106.90.90", "General Groceries", "good", 8675]
Updated COFFEE BREAK 50G -> General Groceries / 2106.90.90 / good
Query: update "products" set "hs_code" = $1, "category" = $2, "product_type" = $3 where "products"."id" = $4 -- params: ["2202.10.00", "Beverages - Non-Alcoholic", "good", 8676]
Updated COKE 1L -> Beverages - Non-Alcoholic / 2202.10.00 / good
Query: update "products" set "hs_code" = $1, "category" = $2, "product_type" = $3 where "products"."id" = $4 -- params: ["2202.10.00", "Beverages - Non-Alcoholic", "good", 8677]
Updated COKE 2L -> Beverages - Non-Alcoholic / 2202.10.00 / good
Query: update "products" set "hs_code" = $1, "category" = $2, "product_type" = $3 where "products"."id" = $4 -- params: ["2202.10.00", "Beverages - Non-Alcoholic", "good", 8678]
Updated COKE 300ML -> Beverages - Non-Alcoholic / 2202.10.00 / good
Query: update "products" set "hs_code" = $1, "category" = $2, "product_type" = $3 where "products"."id" = $4 -- params: ["2202.10.00", "Beverages - Non-Alcoholic", "good", 8679]
Updated COKE 350MLS -> Beverages - Non-Alcoholic / 2202.10.00 / good
Query: update "products" set "hs_code" = $1, "category" = $2, "product_type" = $3 where "products"."id" = $4 -- params: ["2202.10.00", "Beverages - Non-Alcoholic", "good", 8680]
Updated COKE CAN 330ML -> Beverages - Non-Alcoholic / 2202.10.00 / good
Query: update "products" set "hs_code" = $1, "category" = $2, "product_type" = $3 where "products"."id" = $4 -- params: ["2202.10.00", "Beverages - Non-Alcoholic", "good", 8681]
Updated COKE CAN 440MLS -> Beverages - Non-Alcoholic / 2202.10.00 / good
Query: update "products" set "hs_code" = $1, "category" = $2, "product_type" = $3 where "products"."id" = $4 -- params: ["2202.10.00", "Beverages - Non-Alcoholic", "good", 8682]
Updated COKE PET 440MLS -> Beverages - Non-Alcoholic / 2202.10.00 / good
Query: update "products" set "hs_code" = $1, "category" = $2, "product_type" = $3 where "products"."id" = $4 -- params: ["2202.10.00", "Beverages - Non-Alcoholic", "good", 8683]
Updated COKES 500ML -> Beverages - Non-Alcoholic / 2202.10.00 / good
Query: update "products" set "hs_code" = $1, "category" = $2, "product_type" = $3 where "products"."id" = $4 -- params: ["3304.99.00", "Toiletries & Cosmetics", "good", 8685]
Updated COLGATE 100MLS -> Toiletries & Cosmetics / 3304.99.00 / good
Query: update "products" set "hs_code" = $1, "category" = $2, "product_type" = $3 where "products"."id" = $4 -- params: ["3304.99.00", "Toiletries & Cosmetics", "good", 8686]
Updated COLGATE 50ML -> Toiletries & Cosmetics / 3304.99.00 / good
Query: update "products" set "hs_code" = $1, "category" = $2, "product_type" = $3 where "products"."id" = $4 -- params: ["3304.99.00", "Toiletries & Cosmetics", "good", 8687]
Updated COLGATE TOOTHBRUSH -> Toiletries & Cosmetics / 3304.99.00 / good
Query: update "products" set "hs_code" = $1, "category" = $2, "product_type" = $3 where "products"."id" = $4 -- params: ["2106.90.90", "General Groceries", "good", 8688]
Updated COOKMORE 2L -> General Groceries / 2106.90.90 / good
Query: update "products" set "hs_code" = $1, "category" = $2, "product_type" = $3 where "products"."id" = $4 -- params: ["2106.90.90", "General Groceries", "good", 8689]
Updated COOLSPLASH 5L -> General Groceries / 2106.90.90 / good
Query: update "products" set "hs_code" = $1, "category" = $2, "product_type" = $3 where "products"."id" = $4 -- params: ["2106.90.90", "General Groceries", "good", 8690]
Updated CORN N NUTS -> General Groceries / 2106.90.90 / good
Query: update "products" set "hs_code" = $1, "category" = $2, "product_type" = $3 where "products"."id" = $4 -- params: ["2106.90.90", "General Groceries", "good", 8691]
Updated CORNFLAKES 500G -> General Groceries / 2106.90.90 / good
Query: update "products" set "hs_code" = $1, "category" = $2, "product_type" = $3 where "products"."id" = $4 -- params: ["2202.10.00", "Beverages - Non-Alcoholic", "good", 8692]
Updated CORTINA DAIRY DRINK 200ML -> Beverages - Non-Alcoholic / 2202.10.00 / good
Query: update "products" set "hs_code" = $1, "category" = $2, "product_type" = $3 where "products"."id" = $4 -- params: ["2106.90.90", "General Groceries", "good", 8693]
Updated COTTON 50G -> General Groceries / 2106.90.90 / good
Query: update "products" set "hs_code" = $1, "category" = $2, "product_type" = $3 where "products"."id" = $4 -- params: ["2106.90.90", "General Groceries", "good", 8694]
Updated COTTON WOOL 500G -> General Groceries / 2106.90.90 / good
Query: update "products" set "hs_code" = $1, "category" = $2, "product_type" = $3 where "products"."id" = $4 -- params: ["2106.90.90", "General Groceries", "good", 8695]
Updated COUGH DROPS -> General Groceries / 2106.90.90 / good
Query: update "products" set "hs_code" = $1, "category" = $2, "product_type" = $3 where "products"."id" = $4 -- params: ["2106.90.90", "General Groceries", "good", 8696]
Updated COVO BUNDLE -> General Groceries / 2106.90.90 / good
Query: update "products" set "hs_code" = $1, "category" = $2, "product_type" = $3 where "products"."id" = $4 -- params: ["2106.90.90", "General Groceries", "good", 8697]
Updated COVO SMALL BUNDLE -> General Groceries / 2106.90.90 / good
Query: update "products" set "hs_code" = $1, "category" = $2, "product_type" = $3 where "products"."id" = $4 -- params: ["2106.90.90", "General Groceries", "good", 8698]
Updated CRACKERS -> General Groceries / 2106.90.90 / good
Query: update "products" set "hs_code" = $1, "category" = $2, "product_type" = $3 where "products"."id" = $4 -- params: ["2106.90.90", "General Groceries", "good", 8699]
Updated CRAYONS 8S -> General Groceries / 2106.90.90 / good
Query: update "products" set "hs_code" = $1, "category" = $2, "product_type" = $3 where "products"."id" = $4 -- params: ["3304.99.00", "Toiletries & Cosmetics", "good", 8700]
Updated CREAM -> Toiletries & Cosmetics / 3304.99.00 / good
Query: update "products" set "hs_code" = $1, "category" = $2, "product_type" = $3 where "products"."id" = $4 -- params: ["3304.99.00", "Toiletries & Cosmetics", "good", 8701]
Updated CREAM BUNS -> Toiletries & Cosmetics / 3304.99.00 / good
Query: update "products" set "hs_code" = $1, "category" = $2, "product_type" = $3 where "products"."id" = $4 -- params: ["3304.99.00", "Toiletries & Cosmetics", "good", 8702]
Updated CREAM FEAST 100G -> Toiletries & Cosmetics / 3304.99.00 / good
Query: update "products" set "hs_code" = $1, "category" = $2, "product_type" = $3 where "products"."id" = $4 -- params: ["2202.10.00", "Beverages - Non-Alcoholic", "good", 8703]
Updated CREAM JUICE 2L -> Beverages - Non-Alcoholic / 2202.10.00 / good
Query: update "products" set "hs_code" = $1, "category" = $2, "product_type" = $3 where "products"."id" = $4 -- params: ["2202.10.00", "Beverages - Non-Alcoholic", "good", 8704]
Updated CREAM JUICE 5L -> Beverages - Non-Alcoholic / 2202.10.00 / good
Query: update "products" set "hs_code" = $1, "category" = $2, "product_type" = $3 where "products"."id" = $4 -- params: ["2106.90.90", "General Groceries", "good", 8705]
Updated CREMORA 375G -> General Groceries / 2106.90.90 / good
Query: update "products" set "hs_code" = $1, "category" = $2, "product_type" = $3 where "products"."id" = $4 -- params: ["2106.90.90", "General Groceries", "good", 8706]
Updated CREMORA 500G -> General Groceries / 2106.90.90 / good
Query: update "products" set "hs_code" = $1, "category" = $2, "product_type" = $3 where "products"."id" = $4 -- params: ["2106.90.90", "General Groceries", "good", 8707]
Updated CRYSTAL MINTS 4S -> General Groceries / 2106.90.90 / good
Query: update "products" set "hs_code" = $1, "category" = $2, "product_type" = $3 where "products"."id" = $4 -- params: ["1905.90.00", "Snacks & Sweets", "good", 8708]
Updated CRYSTAL TOFFEE 4S -> Snacks & Sweets / 1905.90.00 / good
Query: update "products" set "hs_code" = $1, "category" = $2, "product_type" = $3 where "products"."id" = $4 -- params: ["2106.90.90", "General Groceries", "good", 8709]
Updated CUCUMBER BIG -> General Groceries / 2106.90.90 / good
Query: update "products" set "hs_code" = $1, "category" = $2, "product_type" = $3 where "products"."id" = $4 -- params: ["2106.90.90", "General Groceries", "good", 8710]
Updated CUCUMBER PACK -> General Groceries / 2106.90.90 / good
Query: update "products" set "hs_code" = $1, "category" = $2, "product_type" = $3 where "products"."id" = $4 -- params: ["2106.90.90", "General Groceries", "good", 8711]
Updated CUCUMBER UNIT -> General Groceries / 2106.90.90 / good
Query: update "products" set "hs_code" = $1, "category" = $2, "product_type" = $3 where "products"."id" = $4 -- params: ["2106.90.90", "General Groceries", "good", 8712]
Updated CUCUMBER UNITS -> General Groceries / 2106.90.90 / good
Query: update "products" set "hs_code" = $1, "category" = $2, "product_type" = $3 where "products"."id" = $4 -- params: ["2106.90.90", "General Groceries", "good", 8713]
Updated CZSHEL VALLEY BEANS -> General Groceries / 2106.90.90 / good
Query: update "products" set "hs_code" = $1, "category" = $2, "product_type" = $3 where "products"."id" = $4 -- params: ["2202.10.00", "Beverages - Non-Alcoholic", "good", 8714]
Updated DAIMA MILK DRINK 250ML -> Beverages - Non-Alcoholic / 2202.10.00 / good
Query: update "products" set "hs_code" = $1, "category" = $2, "product_type" = $3 where "products"."id" = $4 -- params: ["2106.90.90", "General Groceries", "good", 8715]
Updated DANDY TWIST 2S -> General Groceries / 2106.90.90 / good
Query: update "products" set "hs_code" = $1, "category" = $2, "product_type" = $3 where "products"."id" = $4 -- params: ["2106.90.90", "General Groceries", "good", 8716]
Updated DARK N LOVELY -> General Groceries / 2106.90.90 / good
Query: update "products" set "hs_code" = $1, "category" = $2, "product_type" = $3 where "products"."id" = $4 -- params: ["2202.10.00", "Beverages - Non-Alcoholic", "good", 8718]
Updated DELTA FANTA 500ML -> Beverages - Non-Alcoholic / 2202.10.00 / good
Query: update "products" set "hs_code" = $1, "category" = $2, "product_type" = $3 where "products"."id" = $4 -- params: ["0805.50.00", "Fruits & Vegetables", "good", 8719]
Updated DELTA LEMON 500ML -> Fruits & Vegetables / 0805.50.00 / good
Query: update "products" set "hs_code" = $1, "category" = $2, "product_type" = $3 where "products"."id" = $4 -- params: ["2106.90.90", "General Groceries", "good", 8720]
Updated DELTA ORANGE 500ML -> General Groceries / 2106.90.90 / good
Query: update "products" set "hs_code" = $1, "category" = $2, "product_type" = $3 where "products"."id" = $4 -- params: ["2106.90.90", "General Groceries", "good", 8721]
Updated DELTA SPARLETTA 500ML -> General Groceries / 2106.90.90 / good
Query: update "products" set "hs_code" = $1, "category" = $2, "product_type" = $3 where "products"."id" = $4 -- params: ["2106.90.90", "General Groceries", "good", 8722]
Updated DENDAIRY 1L -> General Groceries / 2106.90.90 / good
Query: update "products" set "hs_code" = $1, "category" = $2, "product_type" = $3 where "products"."id" = $4 -- params: ["2106.90.90", "General Groceries", "good", 8723]
Updated DETROIT ENERGIZER 440ML -> General Groceries / 2106.90.90 / good
Query: update "products" set "hs_code" = $1, "category" = $2, "product_type" = $3 where "products"."id" = $4 -- params: ["2106.90.90", "General Groceries", "good", 8724]
Updated DETTOL LIQUID 125ML -> General Groceries / 2106.90.90 / good
Query: update "products" set "hs_code" = $1, "category" = $2, "product_type" = $3 where "products"."id" = $4 -- params: ["2106.90.90", "General Groceries", "good", 8725]
Updated DETTOL LIQUID 50MLS -> General Groceries / 2106.90.90 / good
Query: update "products" set "hs_code" = $1, "category" = $2, "product_type" = $3 where "products"."id" = $4 -- params: ["2106.90.90", "General Groceries", "good", 8726]
Updated DETTOL LIQUID 750MLS -> General Groceries / 2106.90.90 / good
Query: update "products" set "hs_code" = $1, "category" = $2, "product_type" = $3 where "products"."id" = $4 -- params: ["3304.99.00", "Toiletries & Cosmetics", "good", 8727]
Updated DETTOL SOAP -> Toiletries & Cosmetics / 3304.99.00 / good
Query: update "products" set "hs_code" = $1, "category" = $2, "product_type" = $3 where "products"."id" = $4 -- params: ["2106.90.90", "General Groceries", "good", 8728]
Updated DIMA 500MLS -> General Groceries / 2106.90.90 / good
Query: update "products" set "hs_code" = $1, "category" = $2, "product_type" = $3 where "products"."id" = $4 -- params: ["2106.90.90", "General Groceries", "good", 8729]
Updated DLITE 2L -> General Groceries / 2106.90.90 / good
Query: update "products" set "hs_code" = $1, "category" = $2, "product_type" = $3 where "products"."id" = $4 -- params: ["3304.99.00", "Toiletries & Cosmetics", "good", 8765]
Updated FAMICOOL TOOTHBRUSH -> Toiletries & Cosmetics / 3304.99.00 / good
Query: update "products" set "hs_code" = $1, "category" = $2, "product_type" = $3 where "products"."id" = $4 -- params: ["2106.90.90", "General Groceries", "good", 8766]
Updated FAMILY DOVI 1L -> General Groceries / 2106.90.90 / good
Query: update "products" set "hs_code" = $1, "category" = $2, "product_type" = $3 where "products"."id" = $4 -- params: ["2106.90.90", "General Groceries", "good", 8767]
Updated FAMILY DOVI 375ML -> General Groceries / 2106.90.90 / good
Query: update "products" set "hs_code" = $1, "category" = $2, "product_type" = $3 where "products"."id" = $4 -- params: ["2106.90.90", "General Groceries", "good", 8731]
Updated DOMESTOS 750ML -> General Groceries / 2106.90.90 / good
Query: update "products" set "hs_code" = $1, "category" = $2, "product_type" = $3 where "products"."id" = $4 -- params: ["2106.90.90", "General Groceries", "good", 8732]
Updated DOOM 180ML -> General Groceries / 2106.90.90 / good
Query: update "products" set "hs_code" = $1, "category" = $2, "product_type" = $3 where "products"."id" = $4 -- params: ["2106.90.90", "General Groceries", "good", 8733]
Updated DOOM 300ML -> General Groceries / 2106.90.90 / good
Query: update "products" set "hs_code" = $1, "category" = $2, "product_type" = $3 where "products"."id" = $4 -- params: ["2106.90.90", "General Groceries", "good", 8734]
Updated DORCO -> General Groceries / 2106.90.90 / good
Query: update "products" set "hs_code" = $1, "category" = $2, "product_type" = $3 where "products"."id" = $4 -- params: ["3304.99.00", "Toiletries & Cosmetics", "good", 8735]
Updated DOVE ROLL ON -> Toiletries & Cosmetics / 3304.99.00 / good
Query: update "products" set "hs_code" = $1, "category" = $2, "product_type" = $3 where "products"."id" = $4 -- params: ["2106.90.90", "General Groceries", "good", 8737]
Updated DRAGON 500ML -> General Groceries / 2106.90.90 / good
Query: update "products" set "hs_code" = $1, "category" = $2, "product_type" = $3 where "products"."id" = $4 -- params: ["3304.99.00", "Toiletries & Cosmetics", "good", 8738]
Updated DREADLOCK & BRAID SPRAY 250ML -> Toiletries & Cosmetics / 3304.99.00 / good
Query: update "products" set "hs_code" = $1, "category" = $2, "product_type" = $3 where "products"."id" = $4 -- params: ["2202.10.00", "Beverages - Non-Alcoholic", "good", 8739]
Updated DRINKING CHOCOLATE 250G -> Beverages - Non-Alcoholic / 2202.10.00 / good
Query: update "products" set "hs_code" = $1, "category" = $2, "product_type" = $3 where "products"."id" = $4 -- params: ["2106.90.90", "General Groceries", "good", 8740]
Updated DUX 250ML -> General Groceries / 2106.90.90 / good
Query: update "products" set "hs_code" = $1, "category" = $2, "product_type" = $3 where "products"."id" = $4 -- params: ["2106.90.90", "General Groceries", "good", 8741]
Updated D`LITE BABY CEREAL 250G -> General Groceries / 2106.90.90 / good
Query: update "products" set "hs_code" = $1, "category" = $2, "product_type" = $3 where "products"."id" = $4 -- params: ["2102.10.00", "Baking Supplies", "good", 8742]
Updated EAGLE INSTANT DRY YEAST 450G -> Baking Supplies / 2102.10.00 / good
Query: update "products" set "hs_code" = $1, "category" = $2, "product_type" = $3 where "products"."id" = $4 -- params: ["2106.90.90", "General Groceries", "good", 8743]
Updated EAGLE LAGER 750ML -> General Groceries / 2106.90.90 / good
Query: update "products" set "hs_code" = $1, "category" = $2, "product_type" = $3 where "products"."id" = $4 -- params: ["2106.90.90", "General Groceries", "good", 8744]
Updated EAGLE PINTS -> General Groceries / 2106.90.90 / good
Query: update "products" set "hs_code" = $1, "category" = $2, "product_type" = $3 where "products"."id" = $4 -- params: ["2106.90.90", "General Groceries", "good", 8745]
Updated EASYWASH 500G -> General Groceries / 2106.90.90 / good
Query: update "products" set "hs_code" = $1, "category" = $2, "product_type" = $3 where "products"."id" = $4 -- params: ["1905.90.00", "Snacks & Sweets", "good", 8746]
Updated ECCLAIR POPS 48S -> Snacks & Sweets / 1905.90.00 / good
Query: update "products" set "hs_code" = $1, "category" = $2, "product_type" = $3 where "products"."id" = $4 -- params: ["2106.90.90", "General Groceries", "good", 8747]
Updated ECKONO 1KG -> General Groceries / 2106.90.90 / good
Query: update "products" set "hs_code" = $1, "category" = $2, "product_type" = $3 where "products"."id" = $4 -- params: ["1905.90.00", "Snacks & Sweets", "good", 8748]
Updated ECLAIR POPS -> Snacks & Sweets / 1905.90.00 / good
Query: update "products" set "hs_code" = $1, "category" = $2, "product_type" = $3 where "products"."id" = $4 -- params: ["2106.90.90", "General Groceries", "good", 8749]
Updated EGGS -> General Groceries / 2106.90.90 / good
Query: update "products" set "hs_code" = $1, "category" = $2, "product_type" = $3 where "products"."id" = $4 -- params: ["2106.90.90", "General Groceries", "good", 8750]
Updated EGGS 6PACK -> General Groceries / 2106.90.90 / good
Query: update "products" set "hs_code" = $1, "category" = $2, "product_type" = $3 where "products"."id" = $4 -- params: ["2106.90.90", "General Groceries", "good", 8751]
Updated EKONO 5KG RICE -> General Groceries / 2106.90.90 / good
Query: update "products" set "hs_code" = $1, "category" = $2, "product_type" = $3 where "products"."id" = $4 -- params: ["1902.19.00", "Groceries - Pasta", "good", 8752]
Updated EKONO MACARONI 3KG -> Groceries - Pasta / 1902.19.00 / good
Query: update "products" set "hs_code" = $1, "category" = $2, "product_type" = $3 where "products"."id" = $4 -- params: ["2106.90.90", "General Groceries", "good", 8753]
Updated EKONO RICE 2KG -> General Groceries / 2106.90.90 / good
Query: update "products" set "hs_code" = $1, "category" = $2, "product_type" = $3 where "products"."id" = $4 -- params: ["2103.90.00", "Groceries - Condiments", "good", 8754]
Updated EKONO SALT 1KG -> Groceries - Condiments / 2103.90.00 / good
Query: update "products" set "hs_code" = $1, "category" = $2, "product_type" = $3 where "products"."id" = $4 -- params: ["1902.19.00", "Groceries - Pasta", "good", 8755]
Updated EKONO SPAGHETTI -> Groceries - Pasta / 1902.19.00 / good
Query: update "products" set "hs_code" = $1, "category" = $2, "product_type" = $3 where "products"."id" = $4 -- params: ["2106.90.90", "General Groceries", "good", 8756]
Updated ELLIS BROWN 750G -> General Groceries / 2106.90.90 / good
Query: update "products" set "hs_code" = $1, "category" = $2, "product_type" = $3 where "products"."id" = $4 -- params: ["2106.90.90", "General Groceries", "good", 8757]
Updated ENERGY DOVI  1LITRE -> General Groceries / 2106.90.90 / good
Query: update "products" set "hs_code" = $1, "category" = $2, "product_type" = $3 where "products"."id" = $4 -- params: ["2106.90.90", "General Groceries", "good", 8758]
Updated ENERGY SAVER -> General Groceries / 2106.90.90 / good
Query: update "products" set "hs_code" = $1, "category" = $2, "product_type" = $3 where "products"."id" = $4 -- params: ["2106.90.90", "General Groceries", "good", 8759]
Updated ENGLISH BLAZER 12ML -> General Groceries / 2106.90.90 / good
Query: update "products" set "hs_code" = $1, "category" = $2, "product_type" = $3 where "products"."id" = $4 -- params: ["2106.90.90", "General Groceries", "good", 8760]
Updated EPIMAX  400G -> General Groceries / 2106.90.90 / good
Query: update "products" set "hs_code" = $1, "category" = $2, "product_type" = $3 where "products"."id" = $4 -- params: ["2106.90.90", "General Groceries", "good", 8761]
Updated EVEREST 20PACK -> General Groceries / 2106.90.90 / good
Query: update "products" set "hs_code" = $1, "category" = $2, "product_type" = $3 where "products"."id" = $4 -- params: ["4820.20.00", "Stationery", "good", 8762]
Updated EVERSHARP PEN -> Stationery / 4820.20.00 / good
Query: update "products" set "hs_code" = $1, "category" = $2, "product_type" = $3 where "products"."id" = $4 -- params: ["2106.90.90", "General Groceries", "good", 8763]
Updated EVERYDAY 400G -> General Groceries / 2106.90.90 / good
Query: update "products" set "hs_code" = $1, "category" = $2, "product_type" = $3 where "products"."id" = $4 -- params: ["2106.90.90", "General Groceries", "good", 8764]
Updated EXOTIC FOAMBATH 500ML -> General Groceries / 2106.90.90 / good
Query: update "products" set "hs_code" = $1, "category" = $2, "product_type" = $3 where "products"."id" = $4 -- params: ["2106.90.90", "General Groceries", "good", 8768]
Updated FAMILY MDOVI 1KG -> General Groceries / 2106.90.90 / good
Query: update "products" set "hs_code" = $1, "category" = $2, "product_type" = $3 where "products"."id" = $4 -- params: ["3304.99.00", "Toiletries & Cosmetics", "good", 8769]
Updated FARAI PADS -> Toiletries & Cosmetics / 3304.99.00 / good
Query: update "products" set "hs_code" = $1, "category" = $2, "product_type" = $3 where "products"."id" = $4 -- params: ["2106.90.90", "General Groceries", "good", 8770]
Updated FAZA 2L -> General Groceries / 2106.90.90 / good
Query: update "products" set "hs_code" = $1, "category" = $2, "product_type" = $3 where "products"."id" = $4 -- params: ["2106.90.90", "General Groceries", "good", 8771]
Updated FAZA 5L -> General Groceries / 2106.90.90 / good
Query: update "products" set "hs_code" = $1, "category" = $2, "product_type" = $3 where "products"."id" = $4 -- params: ["2106.90.90", "General Groceries", "good", 8772]
Updated FIFI RICE 5KG -> General Groceries / 2106.90.90 / good
Query: update "products" set "hs_code" = $1, "category" = $2, "product_type" = $3 where "products"."id" = $4 -- params: ["3304.99.00", "Toiletries & Cosmetics", "good", 8773]
Updated FINGER CREAMS -> Toiletries & Cosmetics / 3304.99.00 / good
Query: update "products" set "hs_code" = $1, "category" = $2, "product_type" = $3 where "products"."id" = $4 -- params: ["2106.90.90", "General Groceries", "good", 8774]
Updated FINGERSTICK -> General Groceries / 2106.90.90 / good
Query: update "products" set "hs_code" = $1, "category" = $2, "product_type" = $3 where "products"."id" = $4 -- params: ["2202.10.00", "Beverages - Non-Alcoholic", "good", 8776]
Updated FIZZI 500ML -> Beverages - Non-Alcoholic / 2202.10.00 / good
Query: update "products" set "hs_code" = $1, "category" = $2, "product_type" = $3 where "products"."id" = $4 -- params: ["1905.90.00", "Snacks & Sweets", "good", 8777]
Updated FIZZY DIP SHERBET -> Snacks & Sweets / 1905.90.00 / good
Query: update "products" set "hs_code" = $1, "category" = $2, "product_type" = $3 where "products"."id" = $4 -- params: ["2106.90.90", "General Groceries", "good", 8778]
Updated FLAMES 200ML -> General Groceries / 2106.90.90 / good
Query: update "products" set "hs_code" = $1, "category" = $2, "product_type" = $3 where "products"."id" = $4 -- params: ["2106.90.90", "General Groceries", "good", 8779]
Updated FLAMES 20PACK -> General Groceries / 2106.90.90 / good
Query: update "products" set "hs_code" = $1, "category" = $2, "product_type" = $3 where "products"."id" = $4 -- params: ["2106.90.90", "General Groceries", "good", 8780]
Updated FLASH 2L -> General Groceries / 2106.90.90 / good
Query: update "products" set "hs_code" = $1, "category" = $2, "product_type" = $3 where "products"."id" = $4 -- params: ["2106.90.90", "General Groceries", "good", 8781]
Updated FLASK -> General Groceries / 2106.90.90 / good
Query: update "products" set "hs_code" = $1, "category" = $2, "product_type" = $3 where "products"."id" = $4 -- params: ["2106.90.90", "General Groceries", "good", 8782]
Updated FOR FLUE 4S -> General Groceries / 2106.90.90 / good
Query: update "products" set "hs_code" = $1, "category" = $2, "product_type" = $3 where "products"."id" = $4 -- params: ["2202.10.00", "Beverages - Non-Alcoholic", "good", 8784]
Updated FOUNTAIN JUICE 5L -> Beverages - Non-Alcoholic / 2202.10.00 / good
Query: update "products" set "hs_code" = $1, "category" = $2, "product_type" = $3 where "products"."id" = $4 -- params: ["2106.90.90", "General Groceries", "good", 8785]
Updated FREEZE GEL 100ML -> General Groceries / 2106.90.90 / good
Query: update "products" set "hs_code" = $1, "category" = $2, "product_type" = $3 where "products"."id" = $4 -- params: ["2106.90.90", "General Groceries", "good", 8786]
Updated FREEZE GEL BLUE 100ML -> General Groceries / 2106.90.90 / good
Query: update "products" set "hs_code" = $1, "category" = $2, "product_type" = $3 where "products"."id" = $4 -- params: ["2106.90.90", "General Groceries", "good", 8787]
Updated FRESH LEAVES 125G -> General Groceries / 2106.90.90 / good
Query: update "products" set "hs_code" = $1, "category" = $2, "product_type" = $3 where "products"."id" = $4 -- params: ["2106.90.90", "General Groceries", "good", 8788]
Updated FRESH LEAVES 250G -> General Groceries / 2106.90.90 / good
Query: update "products" set "hs_code" = $1, "category" = $2, "product_type" = $3 where "products"."id" = $4 -- params: ["2106.90.90", "General Groceries", "good", 8789]
Updated FRESH LEAVES 62.5 -> General Groceries / 2106.90.90 / good
Query: update "products" set "hs_code" = $1, "category" = $2, "product_type" = $3 where "products"."id" = $4 -- params: ["2106.90.90", "General Groceries", "good", 8790]
Updated FRIMAX 100G -> General Groceries / 2106.90.90 / good
Query: update "products" set "hs_code" = $1, "category" = $2, "product_type" = $3 where "products"."id" = $4 -- params: ["2106.90.90", "General Groceries", "good", 8791]
Updated FRUIT VALLEY 5L -> General Groceries / 2106.90.90 / good
Query: update "products" set "hs_code" = $1, "category" = $2, "product_type" = $3 where "products"."id" = $4 -- params: ["2106.90.90", "General Groceries", "good", 8792]
Updated FRUITADE 2L -> General Groceries / 2106.90.90 / good
Query: update "products" set "hs_code" = $1, "category" = $2, "product_type" = $3 where "products"."id" = $4 -- params: ["2106.90.90", "General Groceries", "good", 8793]
Updated FRUITCANA 500ML -> General Groceries / 2106.90.90 / good
Query: update "products" set "hs_code" = $1, "category" = $2, "product_type" = $3 where "products"."id" = $4 -- params: ["2106.90.90", "General Groceries", "good", 8794]
Updated FRUITCANA TAMARIND 500ML -> General Groceries / 2106.90.90 / good
Query: update "products" set "hs_code" = $1, "category" = $2, "product_type" = $3 where "products"."id" = $4 -- params: ["2106.90.90", "General Groceries", "good", 8795]
Updated FRUITRIDGE ROLLER MEAL 10KG -> General Groceries / 2106.90.90 / good
Query: update "products" set "hs_code" = $1, "category" = $2, "product_type" = $3 where "products"."id" = $4 -- params: ["2106.90.90", "General Groceries", "good", 8796]
Updated FRUITY PLUS 5L -> General Groceries / 2106.90.90 / good
Query: update "products" set "hs_code" = $1, "category" = $2, "product_type" = $3 where "products"."id" = $4 -- params: ["3304.99.00", "Toiletries & Cosmetics", "good", 8797]
Updated FULL CREAM 1L -> Toiletries & Cosmetics / 3304.99.00 / good
Query: update "products" set "hs_code" = $1, "category" = $2, "product_type" = $3 where "products"."id" = $4 -- params: ["2106.90.90", "General Groceries", "good", 8798]
Updated FUN N FRESH 1L -> General Groceries / 2106.90.90 / good
Query: update "products" set "hs_code" = $1, "category" = $2, "product_type" = $3 where "products"."id" = $4 -- params: ["1905.90.00", "Snacks & Sweets", "good", 8799]
Updated FUSION POPS -> Snacks & Sweets / 1905.90.00 / good
Query: update "products" set "hs_code" = $1, "category" = $2, "product_type" = $3 where "products"."id" = $4 -- params: ["2106.90.90", "General Groceries", "good", 8800]
Updated GAPE HOPE 750MLS -> General Groceries / 2106.90.90 / good
Query: update "products" set "hs_code" = $1, "category" = $2, "product_type" = $3 where "products"."id" = $4 -- params: ["2106.90.90", "General Groceries", "good", 8801]
Updated GARLIC -> General Groceries / 2106.90.90 / good
Query: update "products" set "hs_code" = $1, "category" = $2, "product_type" = $3 where "products"."id" = $4 -- params: ["2106.90.90", "General Groceries", "good", 8802]
Updated GARLIC SMALL -> General Groceries / 2106.90.90 / good
Query: update "products" set "hs_code" = $1, "category" = $2, "product_type" = $3 where "products"."id" = $4 -- params: ["2106.90.90", "General Groceries", "good", 8803]
Updated GEISHA -> General Groceries / 2106.90.90 / good
Query: update "products" set "hs_code" = $1, "category" = $2, "product_type" = $3 where "products"."id" = $4 -- params: ["3304.99.00", "Toiletries & Cosmetics", "good", 8804]
Updated GEISHA SOAP -> Toiletries & Cosmetics / 3304.99.00 / good
Query: update "products" set "hs_code" = $1, "category" = $2, "product_type" = $3 where "products"."id" = $4 -- params: ["3304.99.00", "Toiletries & Cosmetics", "good", 8805]
Updated GENTLE MAGIC CREAM 50ML -> Toiletries & Cosmetics / 3304.99.00 / good
Query: update "products" set "hs_code" = $1, "category" = $2, "product_type" = $3 where "products"."id" = $4 -- params: ["3304.99.00", "Toiletries & Cosmetics", "good", 8806]
Updated GENTLE MAGIC LOTION 125G -> Toiletries & Cosmetics / 3304.99.00 / good
Query: update "products" set "hs_code" = $1, "category" = $2, "product_type" = $3 where "products"."id" = $4 -- params: ["2106.90.90", "General Groceries", "good", 8807]
Updated GENTLE MAGIC SERUM -> General Groceries / 2106.90.90 / good
Query: update "products" set "hs_code" = $1, "category" = $2, "product_type" = $3 where "products"."id" = $4 -- params: ["3304.99.00", "Toiletries & Cosmetics", "good", 8808]
Updated GENTLE MAGIC SOAP -> Toiletries & Cosmetics / 3304.99.00 / good
Query: update "products" set "hs_code" = $1, "category" = $2, "product_type" = $3 where "products"."id" = $4 -- params: ["2106.90.90", "General Groceries", "good", 8809]
Updated GILBERTS 750ML -> General Groceries / 2106.90.90 / good
Query: update "products" set "hs_code" = $1, "category" = $2, "product_type" = $3 where "products"."id" = $4 -- params: ["2208.90.00", "Beverages - Alcoholic", "good", 8810]
Updated GINGER ARENEL BISCUITS -> Beverages - Alcoholic / 2208.90.00 / good
Query: update "products" set "hs_code" = $1, "category" = $2, "product_type" = $3 where "products"."id" = $4 -- params: ["2208.90.00", "Beverages - Alcoholic", "good", 8811]
Updated GINGER COOKIES 500G -> Beverages - Alcoholic / 2208.90.00 / good
Query: update "products" set "hs_code" = $1, "category" = $2, "product_type" = $3 where "products"."id" = $4 -- params: ["2208.90.00", "Beverages - Alcoholic", "good", 8812]
Updated GINGER ROUNDS 10G -> Beverages - Alcoholic / 2208.90.00 / good
Query: update "products" set "hs_code" = $1, "category" = $2, "product_type" = $3 where "products"."id" = $4 -- params: ["1101.00.00", "Groceries - Staples", "good", 8813]
Updated GLORIA CAKE FLOUR 2KG -> Groceries - Staples / 1101.00.00 / good
Query: update "products" set "hs_code" = $1, "category" = $2, "product_type" = $3 where "products"."id" = $4 -- params: ["1101.00.00", "Groceries - Staples", "good", 8814]
Updated GLORIA FLOUR 2KG -> Groceries - Staples / 1101.00.00 / good
Query: update "products" set "hs_code" = $1, "category" = $2, "product_type" = $3 where "products"."id" = $4 -- params: ["2106.90.90", "General Groceries", "good", 8815]
Updated GOAT MILK FOAMBATH 1L -> General Groceries / 2106.90.90 / good
Query: update "products" set "hs_code" = $1, "category" = $2, "product_type" = $3 where "products"."id" = $4 -- params: ["2106.90.90", "General Groceries", "good", 8817]
Updated GOLD BLEND BLACK 200ML -> General Groceries / 2106.90.90 / good
Query: update "products" set "hs_code" = $1, "category" = $2, "product_type" = $3 where "products"."id" = $4 -- params: ["2106.90.90", "General Groceries", "good", 8818]
Updated GOLD BLEND BLACK 750ML -> General Groceries / 2106.90.90 / good
Query: update "products" set "hs_code" = $1, "category" = $2, "product_type" = $3 where "products"."id" = $4 -- params: ["2102.10.00", "Baking Supplies", "good", 8819]
Updated GOLD INSTANT YEAST SATCHET -> Baking Supplies / 2102.10.00 / good
Query: update "products" set "hs_code" = $1, "category" = $2, "product_type" = $3 where "products"."id" = $4 -- params: ["2106.90.90", "General Groceries", "good", 8820]
Updated GOLDEN BELL 200ML -> General Groceries / 2106.90.90 / good
Query: update "products" set "hs_code" = $1, "category" = $2, "product_type" = $3 where "products"."id" = $4 -- params: ["2106.90.90", "General Groceries", "good", 8821]
Updated GOLDEN MUNCHIES 250G -> General Groceries / 2106.90.90 / good
Query: update "products" set "hs_code" = $1, "category" = $2, "product_type" = $3 where "products"."id" = $4 -- params: ["2106.90.90", "General Groceries", "good", 8822]
Updated GOLDEN PILSNER PINTS -> General Groceries / 2106.90.90 / good
Query: update "products" set "hs_code" = $1, "category" = $2, "product_type" = $3 where "products"."id" = $4 -- params: ["1701.99.00", "Groceries - Staples", "good", 8823]
Updated GOLDSTAR WHITE SUGAR 2KG -> Groceries - Staples / 1701.99.00 / good
Query: update "products" set "hs_code" = $1, "category" = $2, "product_type" = $3 where "products"."id" = $4 -- params: ["1905.90.00", "Snacks & Sweets", "good", 8824]
Updated GOOD GOOD LOOSE BISCUITS 250G -> Snacks & Sweets / 1905.90.00 / good
Query: update "products" set "hs_code" = $1, "category" = $2, "product_type" = $3 where "products"."id" = $4 -- params: ["2208.90.00", "Beverages - Alcoholic", "good", 8825]
Updated GORDONS LONDON DRY GIN 750ML -> Beverages - Alcoholic / 2208.90.00 / good
Query: update "products" set "hs_code" = $1, "category" = $2, "product_type" = $3 where "products"."id" = $4 -- params: ["2106.90.90", "General Groceries", "good", 8826]
Updated GRACA ROSE 750ML -> General Groceries / 2106.90.90 / good
Query: update "products" set "hs_code" = $1, "category" = $2, "product_type" = $3 where "products"."id" = $4 -- params: ["2208.90.00", "Beverages - Alcoholic", "good", 8827]
Updated GRACA WHITE WINE 750ML -> Beverages - Alcoholic / 2208.90.00 / good
Query: update "products" set "hs_code" = $1, "category" = $2, "product_type" = $3 where "products"."id" = $4 -- params: ["2106.90.90", "General Groceries", "good", 8828]
Updated GRANTS 750ML -> General Groceries / 2106.90.90 / good
Query: update "products" set "hs_code" = $1, "category" = $2, "product_type" = $3 where "products"."id" = $4 -- params: ["4820.20.00", "Stationery", "good", 8829]
Updated GRAPH  BOOKS 32PAGES -> Stationery / 4820.20.00 / good
Query: update "products" set "hs_code" = $1, "category" = $2, "product_type" = $3 where "products"."id" = $4 -- params: ["0808.10.00", "Fruits & Vegetables", "good", 8830]
Updated GREEN APPLE 500ML -> Fruits & Vegetables / 0808.10.00 / good
Query: update "products" set "hs_code" = $1, "category" = $2, "product_type" = $3 where "products"."id" = $4 -- params: ["2106.90.90", "General Groceries", "good", 8831]
Updated GREEN PEPPER PACK -> General Groceries / 2106.90.90 / good
Query: update "products" set "hs_code" = $1, "category" = $2, "product_type" = $3 where "products"."id" = $4 -- params: ["2106.90.90", "General Groceries", "good", 8832]
Updated GREEN VALLEY MEDIUM WHITE 750M -> General Groceries / 2106.90.90 / good
Query: update "products" set "hs_code" = $1, "category" = $2, "product_type" = $3 where "products"."id" = $4 -- params: ["2106.90.90", "General Groceries", "good", 8833]
Updated GREEN VALLEY ROSE -> General Groceries / 2106.90.90 / good
Query: update "products" set "hs_code" = $1, "category" = $2, "product_type" = $3 where "products"."id" = $4 -- params: ["2106.90.90", "General Groceries", "good", 8834]
Updated GROUND NUTS PACK -> General Groceries / 2106.90.90 / good
Query: update "products" set "hs_code" = $1, "category" = $2, "product_type" = $3 where "products"."id" = $4 -- params: ["2106.90.90", "General Groceries", "good", 8835]
Updated GROWN UPS 500G -> General Groceries / 2106.90.90 / good
Query: update "products" set "hs_code" = $1, "category" = $2, "product_type" = $3 where "products"."id" = $4 -- params: ["2106.90.90", "General Groceries", "good", 8836]
Updated H -> General Groceries / 2106.90.90 / good
Query: update "products" set "hs_code" = $1, "category" = $2, "product_type" = $3 where "products"."id" = $4 -- params: ["3304.99.00", "Toiletries & Cosmetics", "good", 8837]
Updated HAIR EDGE CONTROL WAX 250ML -> Toiletries & Cosmetics / 3304.99.00 / good
Query: update "products" set "hs_code" = $1, "category" = $2, "product_type" = $3 where "products"."id" = $4 -- params: ["3304.99.00", "Toiletries & Cosmetics", "good", 8838]
Updated HAIR GROWING  OIL SPRAY 250ML -> Toiletries & Cosmetics / 3304.99.00 / good
Query: update "products" set "hs_code" = $1, "category" = $2, "product_type" = $3 where "products"."id" = $4 -- params: ["3304.99.00", "Toiletries & Cosmetics", "good", 8839]
Updated HAIR GROWING FOOD 125ML -> Toiletries & Cosmetics / 3304.99.00 / good
Query: update "products" set "hs_code" = $1, "category" = $2, "product_type" = $3 where "products"."id" = $4 -- params: ["3304.99.00", "Toiletries & Cosmetics", "good", 8842]
Updated HAIR REMOVER LEMON 50ML -> Toiletries & Cosmetics / 3304.99.00 / good
Query: update "products" set "hs_code" = $1, "category" = $2, "product_type" = $3 where "products"."id" = $4 -- params: ["2106.90.90", "General Groceries", "good", 8843]
Updated HALF LOAF -> General Groceries / 2106.90.90 / good
Query: update "products" set "hs_code" = $1, "category" = $2, "product_type" = $3 where "products"."id" = $4 -- params: ["2106.90.90", "General Groceries", "good", 8844]
Updated HANDY ANDY 750ML -> General Groceries / 2106.90.90 / good
Query: update "products" set "hs_code" = $1, "category" = $2, "product_type" = $3 where "products"."id" = $4 -- params: ["2106.90.90", "General Groceries", "good", 8845]
Updated HAPPY CHEERS 200ML -> General Groceries / 2106.90.90 / good
Query: update "products" set "hs_code" = $1, "category" = $2, "product_type" = $3 where "products"."id" = $4 -- params: ["2106.90.90", "General Groceries", "good", 8846]
Updated HAPPY CHEERS 750ML -> General Groceries / 2106.90.90 / good
Query: update "products" set "hs_code" = $1, "category" = $2, "product_type" = $3 where "products"."id" = $4 -- params: ["2106.90.90", "General Groceries", "good", 8847]
Updated HAPPY SKY NAPPIES -> General Groceries / 2106.90.90 / good
Query: update "products" set "hs_code" = $1, "category" = $2, "product_type" = $3 where "products"."id" = $4 -- params: ["3304.99.00", "Toiletries & Cosmetics", "good", 8848]
Updated HAPPYSKY PADS -> Toiletries & Cosmetics / 3304.99.00 / good
Query: update "products" set "hs_code" = $1, "category" = $2, "product_type" = $3 where "products"."id" = $4 -- params: ["2106.90.90", "General Groceries", "good", 8849]
Updated HARMBURGER ROLLS -> General Groceries / 2106.90.90 / good
Query: update "products" set "hs_code" = $1, "category" = $2, "product_type" = $3 where "products"."id" = $4 -- params: ["2208.90.00", "Beverages - Alcoholic", "good", 8851]
Updated HARRIER WHISKY 750ML -> Beverages - Alcoholic / 2208.90.00 / good
Query: update "products" set "hs_code" = $1, "category" = $2, "product_type" = $3 where "products"."id" = $4 -- params: ["2106.90.90", "General Groceries", "good", 8852]
Updated HELLO  SNAX -> General Groceries / 2106.90.90 / good
Query: update "products" set "hs_code" = $1, "category" = $2, "product_type" = $3 where "products"."id" = $4 -- params: ["2106.90.90", "General Groceries", "good", 8853]
Updated HELLO SNAX 20G -> General Groceries / 2106.90.90 / good
Query: update "products" set "hs_code" = $1, "category" = $2, "product_type" = $3 where "products"."id" = $4 -- params: ["2106.90.90", "General Groceries", "good", 8854]
Updated HERBAL SHAMPOO 500ML -> General Groceries / 2106.90.90 / good
Query: update "products" set "hs_code" = $1, "category" = $2, "product_type" = $3 where "products"."id" = $4 -- params: ["2106.90.90", "General Groceries", "good", 8855]
Updated HERITAGE 200ML -> General Groceries / 2106.90.90 / good
Query: update "products" set "hs_code" = $1, "category" = $2, "product_type" = $3 where "products"."id" = $4 -- params: ["1905.90.00", "Snacks & Sweets", "good", 8856]
Updated HIGHBURY LOOSE BISCUITS 200G -> Snacks & Sweets / 1905.90.00 / good
Query: update "products" set "hs_code" = $1, "category" = $2, "product_type" = $3 where "products"."id" = $4 -- params: ["2106.90.90", "General Groceries", "good", 8857]
Updated HIPPO WASHING POWDER 10KG -> General Groceries / 2106.90.90 / good
Query: update "products" set "hs_code" = $1, "category" = $2, "product_type" = $3 where "products"."id" = $4 -- params: ["3304.99.00", "Toiletries & Cosmetics", "good", 8858]
Updated HOITY TOITY ROLL ON 50ML -> Toiletries & Cosmetics / 3304.99.00 / good
Query: update "products" set "hs_code" = $1, "category" = $2, "product_type" = $3 where "products"."id" = $4 -- params: ["3304.99.00", "Toiletries & Cosmetics", "good", 8859]
Updated HOITY TOITY SPRAY 90ML -> Toiletries & Cosmetics / 3304.99.00 / good
Query: update "products" set "hs_code" = $1, "category" = $2, "product_type" = $3 where "products"."id" = $4 -- params: ["2106.90.90", "General Groceries", "good", 8860]
Updated HONEY POT 400G -> General Groceries / 2106.90.90 / good
Query: update "products" set "hs_code" = $1, "category" = $2, "product_type" = $3 where "products"."id" = $4 -- params: ["2106.90.90", "General Groceries", "good", 8861]
Updated HONEYPOT MAHEU 200ML -> General Groceries / 2106.90.90 / good
Query: update "products" set "hs_code" = $1, "category" = $2, "product_type" = $3 where "products"."id" = $4 -- params: ["2106.90.90", "General Groceries", "good", 8862]
Updated HOT DOG ROLLS -> General Groceries / 2106.90.90 / good
Query: update "products" set "hs_code" = $1, "category" = $2, "product_type" = $3 where "products"."id" = $4 -- params: ["2106.90.90", "General Groceries", "good", 8864]
Updated HUFF PUFFS 100G -> General Groceries / 2106.90.90 / good
Query: update "products" set "hs_code" = $1, "category" = $2, "product_type" = $3 where "products"."id" = $4 -- params: ["2106.90.90", "General Groceries", "good", 8865]
Updated HUGGIES DRY -> General Groceries / 2106.90.90 / good
Query: update "products" set "hs_code" = $1, "category" = $2, "product_type" = $3 where "products"."id" = $4 -- params: ["2106.90.90", "General Groceries", "good", 8866]
Updated HUNTERS DRY 330ML -> General Groceries / 2106.90.90 / good
Query: update "products" set "hs_code" = $1, "category" = $2, "product_type" = $3 where "products"."id" = $4 -- params: ["2106.90.90", "General Groceries", "good", 8867]
Updated HUNTERS GOLD 330ML -> General Groceries / 2106.90.90 / good
Query: update "products" set "hs_code" = $1, "category" = $2, "product_type" = $3 where "products"."id" = $4 -- params: ["2106.90.90", "General Groceries", "good", 8868]
Updated HUNTERS QUARTS 750MLS -> General Groceries / 2106.90.90 / good
Query: update "products" set "hs_code" = $1, "category" = $2, "product_type" = $3 where "products"."id" = $4 -- params: ["2106.90.90", "General Groceries", "good", 8869]
Updated HYDRO BOOST 500ML -> General Groceries / 2106.90.90 / good
Query: update "products" set "hs_code" = $1, "category" = $2, "product_type" = $3 where "products"."id" = $4 -- params: ["3304.99.00", "Toiletries & Cosmetics", "good", 8870]
Updated HYGIENIX SOAP 175G -> Toiletries & Cosmetics / 3304.99.00 / good
Query: update "products" set "hs_code" = $1, "category" = $2, "product_type" = $3 where "products"."id" = $4 -- params: ["2106.90.90", "General Groceries", "good", 8871]
Updated IC -> General Groceries / 2106.90.90 / good
Query: update "products" set "hs_code" = $1, "category" = $2, "product_type" = $3 where "products"."id" = $4 -- params: ["3304.99.00", "Toiletries & Cosmetics", "good", 8872]
Updated ICE CREAM TUB 2L -> Toiletries & Cosmetics / 3304.99.00 / good
Query: update "products" set "hs_code" = $1, "category" = $2, "product_type" = $3 where "products"."id" = $4 -- params: ["2106.90.90", "General Groceries", "good", 8881]
Updated IRIS LOOSE -> General Groceries / 2106.90.90 / good
Query: update "products" set "hs_code" = $1, "category" = $2, "product_type" = $3 where "products"."id" = $4 -- params: ["3304.99.00", "Toiletries & Cosmetics", "good", 8882]
Updated ISOPLUS SPRAY 240ML -> Toiletries & Cosmetics / 3304.99.00 / good
Query: update "products" set "hs_code" = $1, "category" = $2, "product_type" = $3 where "products"."id" = $4 -- params: ["2106.90.90", "General Groceries", "good", 8874]
Updated IDEAL FISH 155G -> General Groceries / 2106.90.90 / good
Query: update "products" set "hs_code" = $1, "category" = $2, "product_type" = $3 where "products"."id" = $4 -- params: ["2106.90.90", "General Groceries", "good", 8875]
Updated IDEAL PEANUT BUTTER 1KG -> General Groceries / 2106.90.90 / good
Query: update "products" set "hs_code" = $1, "category" = $2, "product_type" = $3 where "products"."id" = $4 -- params: ["2106.90.90", "General Groceries", "good", 8876]
Updated IDEAL RICE 2KG -> General Groceries / 2106.90.90 / good
Query: update "products" set "hs_code" = $1, "category" = $2, "product_type" = $3 where "products"."id" = $4 -- params: ["2106.90.90", "General Groceries", "good", 8877]
Updated IDEAL RICE 5KG -> General Groceries / 2106.90.90 / good
Query: update "products" set "hs_code" = $1, "category" = $2, "product_type" = $3 where "products"."id" = $4 -- params: ["3304.99.00", "Toiletries & Cosmetics", "good", 8878]
Updated ILGS TOILET TISSUE 3PLY -> Toiletries & Cosmetics / 3304.99.00 / good
Query: update "products" set "hs_code" = $1, "category" = $2, "product_type" = $3 where "products"."id" = $4 -- params: ["2106.90.90", "General Groceries", "good", 8879]
Updated INGRAMS FOR MEN -> General Groceries / 2106.90.90 / good
Query: update "products" set "hs_code" = $1, "category" = $2, "product_type" = $3 where "products"."id" = $4 -- params: ["2106.90.90", "General Groceries", "good", 8880]
Updated INKOMAS 2L -> General Groceries / 2106.90.90 / good
Query: update "products" set "hs_code" = $1, "category" = $2, "product_type" = $3 where "products"."id" = $4 -- params: ["3304.99.00", "Toiletries & Cosmetics", "good", 8883]
Updated IVORY SOAP 250G -> Toiletries & Cosmetics / 3304.99.00 / good
Query: update "products" set "hs_code" = $1, "category" = $2, "product_type" = $3 where "products"."id" = $4 -- params: ["2106.90.90", "General Groceries", "good", 8884]
Updated J C LE ROUX  CHANSON 750ML -> General Groceries / 2106.90.90 / good
Query: update "products" set "hs_code" = $1, "category" = $2, "product_type" = $3 where "products"."id" = $4 -- params: ["2106.90.90", "General Groceries", "good", 8885]
Updated J C LE ROUX FLEURETTE 750ML -> General Groceries / 2106.90.90 / good
Query: update "products" set "hs_code" = $1, "category" = $2, "product_type" = $3 where "products"."id" = $4 -- params: ["2106.90.90", "General Groceries", "good", 8886]
Updated J C LE ROUX LE DOMAIN 750ML -> General Groceries / 2106.90.90 / good
Query: update "products" set "hs_code" = $1, "category" = $2, "product_type" = $3 where "products"."id" = $4 -- params: ["2106.90.90", "General Groceries", "good", 8887]
Updated JADE 250G -> General Groceries / 2106.90.90 / good
Query: update "products" set "hs_code" = $1, "category" = $2, "product_type" = $3 where "products"."id" = $4 -- params: ["3304.99.00", "Toiletries & Cosmetics", "good", 8889]
Updated JET COOL TOOTHBRUSH -> Toiletries & Cosmetics / 3304.99.00 / good
Query: update "products" set "hs_code" = $1, "category" = $2, "product_type" = $3 where "products"."id" = $4 -- params: ["2106.90.90", "General Groceries", "good", 8890]
Updated JGERMEISTER 1000ML -> General Groceries / 2106.90.90 / good
Query: update "products" set "hs_code" = $1, "category" = $2, "product_type" = $3 where "products"."id" = $4 -- params: ["3402.20.00", "Cleaning & Detergents", "good", 8892]
Updated JIK 750ML -> Cleaning & Detergents / 3402.20.00 / good
Query: update "products" set "hs_code" = $1, "category" = $2, "product_type" = $3 where "products"."id" = $4 -- params: ["1905.90.00", "Snacks & Sweets", "good", 8894]
Updated JNB LOOSE BISCUITS 250G -> Snacks & Sweets / 1905.90.00 / good
Query: update "products" set "hs_code" = $1, "category" = $2, "product_type" = $3 where "products"."id" = $4 -- params: ["1905.90.00", "Snacks & Sweets", "good", 8895]
Updated JOE COOKIES 100G -> Snacks & Sweets / 1905.90.00 / good
Query: update "products" set "hs_code" = $1, "category" = $2, "product_type" = $3 where "products"."id" = $4 -- params: ["3304.99.00", "Toiletries & Cosmetics", "good", 8896]
Updated JOE CREAMS 120G -> Toiletries & Cosmetics / 3304.99.00 / good
Query: update "products" set "hs_code" = $1, "category" = $2, "product_type" = $3 where "products"."id" = $4 -- params: ["3304.99.00", "Toiletries & Cosmetics", "good", 8897]
Updated JOHNSON ACQUEOS CREAM -> Toiletries & Cosmetics / 3304.99.00 / good
Query: update "products" set "hs_code" = $1, "category" = $2, "product_type" = $3 where "products"."id" = $4 -- params: ["2106.90.90", "General Groceries", "good", 8898]
Updated JOHNSON BABY JELLY -> General Groceries / 2106.90.90 / good
Query: update "products" set "hs_code" = $1, "category" = $2, "product_type" = $3 where "products"."id" = $4 -- params: ["2106.90.90", "General Groceries", "good", 8899]
Updated JOHNSON BABY JELLY 250MLS -> General Groceries / 2106.90.90 / good
Query: update "products" set "hs_code" = $1, "category" = $2, "product_type" = $3 where "products"."id" = $4 -- params: ["2106.90.90", "General Groceries", "good", 8900]
Updated JOHNSON BABY POWDER 400G -> General Groceries / 2106.90.90 / good
Query: update "products" set "hs_code" = $1, "category" = $2, "product_type" = $3 where "products"."id" = $4 -- params: ["3304.99.00", "Toiletries & Cosmetics", "good", 8901]
Updated JOHNSON LOTION 400ML -> Toiletries & Cosmetics / 3304.99.00 / good
Query: update "products" set "hs_code" = $1, "category" = $2, "product_type" = $3 where "products"."id" = $4 -- params: ["3304.99.00", "Toiletries & Cosmetics", "good", 8902]
Updated JOHNSON SOAP -> Toiletries & Cosmetics / 3304.99.00 / good
Query: update "products" set "hs_code" = $1, "category" = $2, "product_type" = $3 where "products"."id" = $4 -- params: ["2106.90.90", "General Groceries", "good", 8903]
Updated JOLLY JUS 5G -> General Groceries / 2106.90.90 / good
Query: update "products" set "hs_code" = $1, "category" = $2, "product_type" = $3 where "products"."id" = $4 -- params: ["2106.90.90", "General Groceries", "good", 8905]
Updated JUMBO 100G -> General Groceries / 2106.90.90 / good
Query: update "products" set "hs_code" = $1, "category" = $2, "product_type" = $3 where "products"."id" = $4 -- params: ["2106.90.90", "General Groceries", "good", 8906]
Updated JUMBO SNAX -> General Groceries / 2106.90.90 / good
Query: update "products" set "hs_code" = $1, "category" = $2, "product_type" = $3 where "products"."id" = $4 -- params: ["2106.90.90", "General Groceries", "good", 8907]
Updated JUNGLE OATS 1KG -> General Groceries / 2106.90.90 / good
Query: update "products" set "hs_code" = $1, "category" = $2, "product_type" = $3 where "products"."id" = $4 -- params: ["2106.90.90", "General Groceries", "good", 8908]
Updated JUPITER 150G -> General Groceries / 2106.90.90 / good
Query: update "products" set "hs_code" = $1, "category" = $2, "product_type" = $3 where "products"."id" = $4 -- params: ["2106.90.90", "General Groceries", "good", 8909]
Updated JUPITER 75G -> General Groceries / 2106.90.90 / good
Query: update "products" set "hs_code" = $1, "category" = $2, "product_type" = $3 where "products"."id" = $4 -- params: ["2106.90.90", "General Groceries", "good", 8911]
Updated KAMBUCHA 450ML -> General Groceries / 2106.90.90 / good
Query: update "products" set "hs_code" = $1, "category" = $2, "product_type" = $3 where "products"."id" = $4 -- params: ["4820.20.00", "Stationery", "good", 8912]
Updated KAPENTA 100G -> Stationery / 4820.20.00 / good
Query: update "products" set "hs_code" = $1, "category" = $2, "product_type" = $3 where "products"."id" = $4 -- params: ["4820.20.00", "Stationery", "good", 8913]
Updated KAPENTA 1KG -> Stationery / 4820.20.00 / good
Query: update "products" set "hs_code" = $1, "category" = $2, "product_type" = $3 where "products"."id" = $4 -- params: ["4820.20.00", "Stationery", "good", 8914]
Updated KAPENTA 250G -> Stationery / 4820.20.00 / good
Query: update "products" set "hs_code" = $1, "category" = $2, "product_type" = $3 where "products"."id" = $4 -- params: ["4820.20.00", "Stationery", "good", 8915]
Updated KAPENTA 500G -> Stationery / 4820.20.00 / good
Query: update "products" set "hs_code" = $1, "category" = $2, "product_type" = $3 where "products"."id" = $4 -- params: ["2106.90.90", "General Groceries", "good", 8916]
Updated KARIBA BUNLOAF -> General Groceries / 2106.90.90 / good
Query: update "products" set "hs_code" = $1, "category" = $2, "product_type" = $3 where "products"."id" = $4 -- params: ["1905.90.00", "Snacks & Sweets", "good", 8917]
Updated KARIBA SWEETBUNS -> Snacks & Sweets / 1905.90.00 / good
Query: update "products" set "hs_code" = $1, "category" = $2, "product_type" = $3 where "products"."id" = $4 -- params: ["2106.90.90", "General Groceries", "good", 8918]
Updated KARIBA TWIST -> General Groceries / 2106.90.90 / good
Query: update "products" set "hs_code" = $1, "category" = $2, "product_type" = $3 where "products"."id" = $4 -- params: ["2106.90.90", "General Groceries", "good", 8919]
Updated KARINGA 50G -> General Groceries / 2106.90.90 / good
Query: update "products" set "hs_code" = $1, "category" = $2, "product_type" = $3 where "products"."id" = $4 -- params: ["2106.90.90", "General Groceries", "good", 8921]
Updated KELLOGGS 500G -> General Groceries / 2106.90.90 / good
Query: update "products" set "hs_code" = $1, "category" = $2, "product_type" = $3 where "products"."id" = $4 -- params: ["1902.19.00", "Groceries - Pasta", "good", 8922]
Updated KELLOGGS NOODLES 70G -> Groceries - Pasta / 1902.19.00 / good
Query: update "products" set "hs_code" = $1, "category" = $2, "product_type" = $3 where "products"."id" = $4 -- params: ["2106.90.90", "General Groceries", "good", 8923]
Updated KELLOGS CORNFLAKES 1KG -> General Groceries / 2106.90.90 / good
Query: update "products" set "hs_code" = $1, "category" = $2, "product_type" = $3 where "products"."id" = $4 -- params: ["2106.90.90", "General Groceries", "good", 8924]
Updated KEMBUCHA 500ML -> General Groceries / 2106.90.90 / good
Query: update "products" set "hs_code" = $1, "category" = $2, "product_type" = $3 where "products"."id" = $4 -- params: ["2106.90.90", "General Groceries", "good", 8925]
Updated KHAKI COVERS -> General Groceries / 2106.90.90 / good
Query: update "products" set "hs_code" = $1, "category" = $2, "product_type" = $3 where "products"."id" = $4 -- params: ["3304.99.00", "Toiletries & Cosmetics", "good", 8926]
Updated KING CONE ICE CREAM -> Toiletries & Cosmetics / 3304.99.00 / good
Query: update "products" set "hs_code" = $1, "category" = $2, "product_type" = $3 where "products"."id" = $4 -- params: ["2106.90.90", "General Groceries", "good", 8927]
Updated KING KURLS 100G -> General Groceries / 2106.90.90 / good
Query: update "products" set "hs_code" = $1, "category" = $2, "product_type" = $3 where "products"."id" = $4 -- params: ["2106.90.90", "General Groceries", "good", 8928]
Updated KITOKO 200ML -> General Groceries / 2106.90.90 / good
Query: update "products" set "hs_code" = $1, "category" = $2, "product_type" = $3 where "products"."id" = $4 -- params: ["3304.99.00", "Toiletries & Cosmetics", "good", 8929]
Updated KITTEN SOFRT TISSUE 4s -> Toiletries & Cosmetics / 3304.99.00 / good
Query: update "products" set "hs_code" = $1, "category" = $2, "product_type" = $3 where "products"."id" = $4 -- params: ["3402.20.00", "Cleaning & Detergents", "good", 8930]
Updated KIWI SHOE POLISH 100ML -> Cleaning & Detergents / 3402.20.00 / good
Query: update "products" set "hs_code" = $1, "category" = $2, "product_type" = $3 where "products"."id" = $4 -- params: ["3402.20.00", "Cleaning & Detergents", "good", 8931]
Updated KIWI SHOE POLISH 50ML -> Cleaning & Detergents / 3402.20.00 / good
Query: update "products" set "hs_code" = $1, "category" = $2, "product_type" = $3 where "products"."id" = $4 -- params: ["3304.99.00", "Toiletries & Cosmetics", "good", 8932]
Updated KLEAN TISSUE -> Toiletries & Cosmetics / 3304.99.00 / good
Query: update "products" set "hs_code" = $1, "category" = $2, "product_type" = $3 where "products"."id" = $4 -- params: ["3304.99.00", "Toiletries & Cosmetics", "good", 8933]
Updated KLEAN TISSUE 4S -> Toiletries & Cosmetics / 3304.99.00 / good
Query: update "products" set "hs_code" = $1, "category" = $2, "product_type" = $3 where "products"."id" = $4 -- params: ["2106.90.90", "General Groceries", "good", 8934]
Updated KNIVES SET -> General Groceries / 2106.90.90 / good
Query: update "products" set "hs_code" = $1, "category" = $2, "product_type" = $3 where "products"."id" = $4 -- params: ["2106.90.90", "General Groceries", "good", 8936]
Updated KOO BEANS -> General Groceries / 2106.90.90 / good
Query: update "products" set "hs_code" = $1, "category" = $2, "product_type" = $3 where "products"."id" = $4 -- params: ["4820.20.00", "Stationery", "good", 8937]
Updated KOOP BOND PAPER -> Stationery / 4820.20.00 / good
Query: update "products" set "hs_code" = $1, "category" = $2, "product_type" = $3 where "products"."id" = $4 -- params: ["2106.90.90", "General Groceries", "good", 8938]
Updated KREMA 100G -> General Groceries / 2106.90.90 / good
Query: update "products" set "hs_code" = $1, "category" = $2, "product_type" = $3 where "products"."id" = $4 -- params: ["2106.90.90", "General Groceries", "good", 8939]
Updated KRUN -> General Groceries / 2106.90.90 / good
Query: update "products" set "hs_code" = $1, "category" = $2, "product_type" = $3 where "products"."id" = $4 -- params: ["2106.90.90", "General Groceries", "good", 8940]
Updated KRUNCHYS 75G -> General Groceries / 2106.90.90 / good
Query: update "products" set "hs_code" = $1, "category" = $2, "product_type" = $3 where "products"."id" = $4 -- params: ["2106.90.90", "General Groceries", "good", 8941]
Updated KUNGFU 500ML -> General Groceries / 2106.90.90 / good
Query: update "products" set "hs_code" = $1, "category" = $2, "product_type" = $3 where "products"."id" = $4 -- params: ["2106.90.90", "General Groceries", "good", 8942]
Updated LAAGER ROOIBOS 20S -> General Groceries / 2106.90.90 / good
Query: update "products" set "hs_code" = $1, "category" = $2, "product_type" = $3 where "products"."id" = $4 -- params: ["2106.90.90", "General Groceries", "good", 8943]
Updated LAAGER ROOIBOS 40S -> General Groceries / 2106.90.90 / good
Query: update "products" set "hs_code" = $1, "category" = $2, "product_type" = $3 where "products"."id" = $4 -- params: ["2106.90.90", "General Groceries", "good", 8944]
Updated LAAGER ROOIBOS 80S -> General Groceries / 2106.90.90 / good
Query: update "products" set "hs_code" = $1, "category" = $2, "product_type" = $3 where "products"."id" = $4 -- params: ["2106.90.90", "General Groceries", "good", 8945]
Updated LACTO 500ML -> General Groceries / 2106.90.90 / good
Query: update "products" set "hs_code" = $1, "category" = $2, "product_type" = $3 where "products"."id" = $4 -- params: ["2106.90.90", "General Groceries", "good", 8946]
Updated LACTOGEN 1 & 2 -> General Groceries / 2106.90.90 / good
Query: update "products" set "hs_code" = $1, "category" = $2, "product_type" = $3 where "products"."id" = $4 -- params: ["2106.90.90", "General Groceries", "good", 8947]
Updated LAKKERNAX 100G -> General Groceries / 2106.90.90 / good
Query: update "products" set "hs_code" = $1, "category" = $2, "product_type" = $3 where "products"."id" = $4 -- params: ["2106.90.90", "General Groceries", "good", 8948]
Updated LAVENDER FOAMBATH 500ML -> General Groceries / 2106.90.90 / good
Query: update "products" set "hs_code" = $1, "category" = $2, "product_type" = $3 where "products"."id" = $4 -- params: ["2106.90.90", "General Groceries", "good", 8949]
Updated LAYS 120G -> General Groceries / 2106.90.90 / good
Query: update "products" set "hs_code" = $1, "category" = $2, "product_type" = $3 where "products"."id" = $4 -- params: ["2106.90.90", "General Groceries", "good", 8950]
Updated LAYS 23G -> General Groceries / 2106.90.90 / good
Query: update "products" set "hs_code" = $1, "category" = $2, "product_type" = $3 where "products"."id" = $4 -- params: ["2106.90.90", "General Groceries", "good", 8951]
Updated LEBENA  LOOSE 250G -> General Groceries / 2106.90.90 / good
Query: update "products" set "hs_code" = $1, "category" = $2, "product_type" = $3 where "products"."id" = $4 -- params: ["3304.99.00", "Toiletries & Cosmetics", "good", 8952]
Updated LEBENA CREAMS 100G -> Toiletries & Cosmetics / 3304.99.00 / good
Query: update "products" set "hs_code" = $1, "category" = $2, "product_type" = $3 where "products"."id" = $4 -- params: ["2106.90.90", "General Groceries", "good", 8953]
Updated LEBENA LOOSE 2KG -> General Groceries / 2106.90.90 / good
Query: update "products" set "hs_code" = $1, "category" = $2, "product_type" = $3 where "products"."id" = $4 -- params: ["2106.90.90", "General Groceries", "good", 8955]
Updated LIFE MILK 1LITRE -> General Groceries / 2106.90.90 / good
Query: update "products" set "hs_code" = $1, "category" = $2, "product_type" = $3 where "products"."id" = $4 -- params: ["2106.90.90", "General Groceries", "good", 8956]
Updated LIFE MILK 250ML -> General Groceries / 2106.90.90 / good
Query: update "products" set "hs_code" = $1, "category" = $2, "product_type" = $3 where "products"."id" = $4 -- params: ["2106.90.90", "General Groceries", "good", 8957]
Updated LIFE MILK 500MLS -> General Groceries / 2106.90.90 / good
Query: update "products" set "hs_code" = $1, "category" = $2, "product_type" = $3 where "products"."id" = $4 -- params: ["3304.99.00", "Toiletries & Cosmetics", "good", 8958]
Updated LIFEBUOY SOAP -> Toiletries & Cosmetics / 3304.99.00 / good
Query: update "products" set "hs_code" = $1, "category" = $2, "product_type" = $3 where "products"."id" = $4 -- params: ["3304.99.00", "Toiletries & Cosmetics", "good", 8959]
Updated LILI WHITE PADS -> Toiletries & Cosmetics / 3304.99.00 / good
Query: update "products" set "hs_code" = $1, "category" = $2, "product_type" = $3 where "products"."id" = $4 -- params: ["3605.00.00", "Hardware & Misc", "good", 8960]
Updated LION MATCHES BOX -> Hardware & Misc / 3605.00.00 / good
Query: update "products" set "hs_code" = $1, "category" = $2, "product_type" = $3 where "products"."id" = $4 -- params: ["1102.20.00", "Groceries - Staples", "good", 8985]
Updated MAMMA THEMBA  MEALIE MEAL 12.5 -> Groceries - Staples / 1102.20.00 / good
Query: update "products" set "hs_code" = $1, "category" = $2, "product_type" = $3 where "products"."id" = $4 -- params: ["2106.90.90", "General Groceries", "good", 8962]
Updated LIQUI FRUIT 1L -> General Groceries / 2106.90.90 / good
Query: update "products" set "hs_code" = $1, "category" = $2, "product_type" = $3 where "products"."id" = $4 -- params: ["1701.99.00", "Groceries - Staples", "good", 8963]
Updated LOBELS  SUGAR BUNS 4S -> Groceries - Staples / 1701.99.00 / good
Query: update "products" set "hs_code" = $1, "category" = $2, "product_type" = $3 where "products"."id" = $4 -- params: ["2106.90.90", "General Groceries", "good", 8964]
Updated LOBELS BLOAF -> General Groceries / 2106.90.90 / good
Query: update "products" set "hs_code" = $1, "category" = $2, "product_type" = $3 where "products"."id" = $4 -- params: ["2106.90.90", "General Groceries", "good", 8965]
Updated LOBELS BREAD -> General Groceries / 2106.90.90 / good
Query: update "products" set "hs_code" = $1, "category" = $2, "product_type" = $3 where "products"."id" = $4 -- params: ["3304.99.00", "Toiletries & Cosmetics", "good", 8966]
Updated LOBELS CREAMS -> Toiletries & Cosmetics / 3304.99.00 / good
Query: update "products" set "hs_code" = $1, "category" = $2, "product_type" = $3 where "products"."id" = $4 -- params: ["2106.90.90", "General Groceries", "good", 8967]
Updated LOBELS LOOSE 250G -> General Groceries / 2106.90.90 / good
Query: update "products" set "hs_code" = $1, "category" = $2, "product_type" = $3 where "products"."id" = $4 -- params: ["2106.90.90", "General Groceries", "good", 8968]
Updated LOBENA LOOSE 1KG -> General Groceries / 2106.90.90 / good
Query: update "products" set "hs_code" = $1, "category" = $2, "product_type" = $3 where "products"."id" = $4 -- params: ["2106.90.90", "General Groceries", "good", 8969]
Updated LOFNAC BOX -> General Groceries / 2106.90.90 / good
Query: update "products" set "hs_code" = $1, "category" = $2, "product_type" = $3 where "products"."id" = $4 -- params: ["2106.90.90", "General Groceries", "good", 8970]
Updated LONG LIFE MILK 250ML -> General Groceries / 2106.90.90 / good
Query: update "products" set "hs_code" = $1, "category" = $2, "product_type" = $3 where "products"."id" = $4 -- params: ["1102.20.00", "Groceries - Staples", "good", 8972]
Updated LOVE EAT MEALIE MEAL 5KG -> Groceries - Staples / 1102.20.00 / good
Query: update "products" set "hs_code" = $1, "category" = $2, "product_type" = $3 where "products"."id" = $4 -- params: ["2106.90.90", "General Groceries", "good", 8973]
Updated LOVE FOAMBATH 500ML -> General Groceries / 2106.90.90 / good
Query: update "products" set "hs_code" = $1, "category" = $2, "product_type" = $3 where "products"."id" = $4 -- params: ["2106.90.90", "General Groceries", "good", 8974]
Updated LUCKYSTAR FISH 155G -> General Groceries / 2106.90.90 / good
Query: update "products" set "hs_code" = $1, "category" = $2, "product_type" = $3 where "products"."id" = $4 -- params: ["2106.90.90", "General Groceries", "good", 8975]
Updated LUNCH BAR MINI 23G -> General Groceries / 2106.90.90 / good
Query: update "products" set "hs_code" = $1, "category" = $2, "product_type" = $3 where "products"."id" = $4 -- params: ["3304.99.00", "Toiletries & Cosmetics", "good", 8976]
Updated LUX SOAP -> Toiletries & Cosmetics / 3304.99.00 / good
Query: update "products" set "hs_code" = $1, "category" = $2, "product_type" = $3 where "products"."id" = $4 -- params: ["2106.90.90", "General Groceries", "good", 8977]
Updated MADISON 20PACK -> General Groceries / 2106.90.90 / good
Query: update "products" set "hs_code" = $1, "category" = $2, "product_type" = $3 where "products"."id" = $4 -- params: ["2106.90.90", "General Groceries", "good", 8978]
Updated MADORA 100G -> General Groceries / 2106.90.90 / good
Query: update "products" set "hs_code" = $1, "category" = $2, "product_type" = $3 where "products"."id" = $4 -- params: ["2106.90.90", "General Groceries", "good", 8979]
Updated MADRAS -> General Groceries / 2106.90.90 / good
Query: update "products" set "hs_code" = $1, "category" = $2, "product_type" = $3 where "products"."id" = $4 -- params: ["2106.90.90", "General Groceries", "good", 8980]
Updated MAGIC MOMENT 200G -> General Groceries / 2106.90.90 / good
Query: update "products" set "hs_code" = $1, "category" = $2, "product_type" = $3 where "products"."id" = $4 -- params: ["2106.90.90", "General Groceries", "good", 8981]
Updated MAHATMA RICE 2KG -> General Groceries / 2106.90.90 / good
Query: update "products" set "hs_code" = $1, "category" = $2, "product_type" = $3 where "products"."id" = $4 -- params: ["2106.90.90", "General Groceries", "good", 8982]
Updated MAINSTAY 750ML -> General Groceries / 2106.90.90 / good
Query: update "products" set "hs_code" = $1, "category" = $2, "product_type" = $3 where "products"."id" = $4 -- params: ["2106.90.90", "General Groceries", "good", 8983]
Updated MAKANYANISE -> General Groceries / 2106.90.90 / good
Query: update "products" set "hs_code" = $1, "category" = $2, "product_type" = $3 where "products"."id" = $4 -- params: ["2106.90.90", "General Groceries", "good", 8984]
Updated MAMAS CONFLAKES 500G -> General Groceries / 2106.90.90 / good
Query: update "products" set "hs_code" = $1, "category" = $2, "product_type" = $3 where "products"."id" = $4 -- params: ["2202.10.00", "Beverages - Non-Alcoholic", "good", 8986]
Updated MAMMOTH ENERGY DRINK 500ML -> Beverages - Non-Alcoholic / 2202.10.00 / good
Query: update "products" set "hs_code" = $1, "category" = $2, "product_type" = $3 where "products"."id" = $4 -- params: ["2106.90.90", "General Groceries", "good", 8987]
Updated MANJU DOVI 375G -> General Groceries / 2106.90.90 / good
Query: update "products" set "hs_code" = $1, "category" = $2, "product_type" = $3 where "products"."id" = $4 -- params: ["2106.90.90", "General Groceries", "good", 8988]
Updated MAPUTI 35G -> General Groceries / 2106.90.90 / good
Query: update "products" set "hs_code" = $1, "category" = $2, "product_type" = $3 where "products"."id" = $4 -- params: ["3402.20.00", "Cleaning & Detergents", "good", 8989]
Updated MAQ 1KG -> Cleaning & Detergents / 3402.20.00 / good
Query: update "products" set "hs_code" = $1, "category" = $2, "product_type" = $3 where "products"."id" = $4 -- params: ["3402.20.00", "Cleaning & Detergents", "good", 8990]
Updated MAQ 2KG -> Cleaning & Detergents / 3402.20.00 / good
Query: update "products" set "hs_code" = $1, "category" = $2, "product_type" = $3 where "products"."id" = $4 -- params: ["2106.90.90", "General Groceries", "good", 9031]
Updated MILO 250G -> General Groceries / 2106.90.90 / good
Query: update "products" set "hs_code" = $1, "category" = $2, "product_type" = $3 where "products"."id" = $4 -- params: ["2106.90.90", "General Groceries", "good", 8992]
Updated MARIANA 1KG -> General Groceries / 2106.90.90 / good
Query: update "products" set "hs_code" = $1, "category" = $2, "product_type" = $3 where "products"."id" = $4 -- params: ["2106.90.90", "General Groceries", "good", 8993]
Updated MARIANA 2KG -> General Groceries / 2106.90.90 / good
Query: update "products" set "hs_code" = $1, "category" = $2, "product_type" = $3 where "products"."id" = $4 -- params: ["2106.90.90", "General Groceries", "good", 8994]
Updated MARIANA 5KG -> General Groceries / 2106.90.90 / good
Query: update "products" set "hs_code" = $1, "category" = $2, "product_type" = $3 where "products"."id" = $4 -- params: ["1905.90.00", "Snacks & Sweets", "good", 8995]
Updated MARIE BISCUITS 130G -> Snacks & Sweets / 1905.90.00 / good
Query: update "products" set "hs_code" = $1, "category" = $2, "product_type" = $3 where "products"."id" = $4 -- params: ["2106.90.90", "General Groceries", "good", 8996]
Updated MARMALADE 500G -> General Groceries / 2106.90.90 / good
Query: update "products" set "hs_code" = $1, "category" = $2, "product_type" = $3 where "products"."id" = $4 -- params: ["2106.90.90", "General Groceries", "good", 8997]
Updated MARTINA 5KG RICE -> General Groceries / 2106.90.90 / good
Query: update "products" set "hs_code" = $1, "category" = $2, "product_type" = $3 where "products"."id" = $4 -- params: ["2106.90.90", "General Groceries", "good", 8998]
Updated MARTINA RICE 2KG -> General Groceries / 2106.90.90 / good
Query: update "products" set "hs_code" = $1, "category" = $2, "product_type" = $3 where "products"."id" = $4 -- params: ["2106.90.90", "General Groceries", "good", 8999]
Updated MASI SOUR MILK 500ML -> General Groceries / 2106.90.90 / good
Query: update "products" set "hs_code" = $1, "category" = $2, "product_type" = $3 where "products"."id" = $4 -- params: ["0305.59.00", "Groceries - Proteins", "good", 9000]
Updated MATEMBA 100G -> Groceries - Proteins / 0305.59.00 / good
Query: update "products" set "hs_code" = $1, "category" = $2, "product_type" = $3 where "products"."id" = $4 -- params: ["0305.59.00", "Groceries - Proteins", "good", 9001]
Updated MATEMBA 1KG -> Groceries - Proteins / 0305.59.00 / good
Query: update "products" set "hs_code" = $1, "category" = $2, "product_type" = $3 where "products"."id" = $4 -- params: ["0305.59.00", "Groceries - Proteins", "good", 9003]
Updated MATEMBA 500G -> Groceries - Proteins / 0305.59.00 / good
Query: update "products" set "hs_code" = $1, "category" = $2, "product_type" = $3 where "products"."id" = $4 -- params: ["2106.90.90", "General Groceries", "good", 9004]
Updated MATH SET -> General Groceries / 2106.90.90 / good
Query: update "products" set "hs_code" = $1, "category" = $2, "product_type" = $3 where "products"."id" = $4 -- params: ["2106.90.90", "General Groceries", "good", 9005]
Updated MAXI COLA -> General Groceries / 2106.90.90 / good
Query: update "products" set "hs_code" = $1, "category" = $2, "product_type" = $3 where "products"."id" = $4 -- params: ["2106.90.90", "General Groceries", "good", 9006]
Updated MAXIMUM PLEASURE 3S -> General Groceries / 2106.90.90 / good
Query: update "products" set "hs_code" = $1, "category" = $2, "product_type" = $3 where "products"."id" = $4 -- params: ["2208.90.00", "Beverages - Alcoholic", "good", 9007]
Updated MAYFAIR GIN N DRY LEMON 440ML -> Beverages - Alcoholic / 2208.90.00 / good
Query: update "products" set "hs_code" = $1, "category" = $2, "product_type" = $3 where "products"."id" = $4 -- params: ["2106.90.90", "General Groceries", "good", 9008]
Updated MAZOE BLACKBERRY 2L -> General Groceries / 2106.90.90 / good
Query: update "products" set "hs_code" = $1, "category" = $2, "product_type" = $3 where "products"."id" = $4 -- params: ["2106.90.90", "General Groceries", "good", 9009]
Updated MAZOE CREME SODA 2L -> General Groceries / 2106.90.90 / good
Query: update "products" set "hs_code" = $1, "category" = $2, "product_type" = $3 where "products"."id" = $4 -- params: ["2106.90.90", "General Groceries", "good", 9010]
Updated MAZOE ORANGE CRUSH 2L -> General Groceries / 2106.90.90 / good
Query: update "products" set "hs_code" = $1, "category" = $2, "product_type" = $3 where "products"."id" = $4 -- params: ["2106.90.90", "General Groceries", "good", 9011]
Updated MAZOE ORANGE CRUSH 2L ZAMBIA -> General Groceries / 2106.90.90 / good
Query: update "products" set "hs_code" = $1, "category" = $2, "product_type" = $3 where "products"."id" = $4 -- params: ["2106.90.90", "General Groceries", "good", 9012]
Updated MAZOE RASPBERRY 2L ZAMBIA -> General Groceries / 2106.90.90 / good
Query: update "products" set "hs_code" = $1, "category" = $2, "product_type" = $3 where "products"."id" = $4 -- params: ["2106.90.90", "General Groceries", "good", 9013]
Updated MAZOE RASPBERY 2L -> General Groceries / 2106.90.90 / good
Query: update "products" set "hs_code" = $1, "category" = $2, "product_type" = $3 where "products"."id" = $4 -- params: ["2106.90.90", "General Groceries", "good", 9014]
Updated MCHUZI MIX 500G -> General Groceries / 2106.90.90 / good
Query: update "products" set "hs_code" = $1, "category" = $2, "product_type" = $3 where "products"."id" = $4 -- params: ["2106.90.90", "General Groceries", "good", 9015]
Updated MCHUZI ROYCO 200G -> General Groceries / 2106.90.90 / good
Query: update "products" set "hs_code" = $1, "category" = $2, "product_type" = $3 where "products"."id" = $4 -- params: ["2106.90.90", "General Groceries", "good", 9016]
Updated MEDIHERB 150G -> General Groceries / 2106.90.90 / good
Query: update "products" set "hs_code" = $1, "category" = $2, "product_type" = $3 where "products"."id" = $4 -- params: ["1902.19.00", "Groceries - Pasta", "good", 9017]
Updated MEGA MACARONI -> Groceries - Pasta / 1902.19.00 / good
Query: update "products" set "hs_code" = $1, "category" = $2, "product_type" = $3 where "products"."id" = $4 -- params: ["1102.20.00", "Groceries - Staples", "good", 9018]
Updated MEGA MAIZE CORN &NUTS 70G -> Groceries - Staples / 1102.20.00 / good
Query: update "products" set "hs_code" = $1, "category" = $2, "product_type" = $3 where "products"."id" = $4 -- params: ["1102.20.00", "Groceries - Staples", "good", 9019]
Updated MEGA MAIZE NUTS 70G -> Groceries - Staples / 1102.20.00 / good
Query: update "products" set "hs_code" = $1, "category" = $2, "product_type" = $3 where "products"."id" = $4 -- params: ["1902.19.00", "Groceries - Pasta", "good", 9020]
Updated MEGA NOODLES 75G -> Groceries - Pasta / 1902.19.00 / good
Query: update "products" set "hs_code" = $1, "category" = $2, "product_type" = $3 where "products"."id" = $4 -- params: ["4820.20.00", "Stationery", "good", 9021]
Updated MEGA PENNE 400G -> Stationery / 4820.20.00 / good
Query: update "products" set "hs_code" = $1, "category" = $2, "product_type" = $3 where "products"."id" = $4 -- params: ["2106.90.90", "General Groceries", "good", 9022]
Updated MEGA RICE 5KG -> General Groceries / 2106.90.90 / good
Query: update "products" set "hs_code" = $1, "category" = $2, "product_type" = $3 where "products"."id" = $4 -- params: ["2103.90.00", "Groceries - Condiments", "good", 9023]
Updated MEGA SALT 1KG -> Groceries - Condiments / 2103.90.00 / good
Query: update "products" set "hs_code" = $1, "category" = $2, "product_type" = $3 where "products"."id" = $4 -- params: ["2106.90.90", "General Groceries", "good", 9024]
Updated MEGA SNAX 100G -> General Groceries / 2106.90.90 / good
Query: update "products" set "hs_code" = $1, "category" = $2, "product_type" = $3 where "products"."id" = $4 -- params: ["1902.19.00", "Groceries - Pasta", "good", 9025]
Updated MEGA SPAGHETTI -> Groceries - Pasta / 1902.19.00 / good
Query: update "products" set "hs_code" = $1, "category" = $2, "product_type" = $3 where "products"."id" = $4 -- params: ["2106.90.90", "General Groceries", "good", 9026]
Updated METHYLATED SPIRIT 100MLS -> General Groceries / 2106.90.90 / good
Query: update "products" set "hs_code" = $1, "category" = $2, "product_type" = $3 where "products"."id" = $4 -- params: ["2106.90.90", "General Groceries", "good", 9027]
Updated MIGHTY MARKERS -> General Groceries / 2106.90.90 / good
Query: update "products" set "hs_code" = $1, "category" = $2, "product_type" = $3 where "products"."id" = $4 -- params: ["2106.90.90", "General Groceries", "good", 9028]
Updated MILKIT 250ML -> General Groceries / 2106.90.90 / good
Query: update "products" set "hs_code" = $1, "category" = $2, "product_type" = $3 where "products"."id" = $4 -- params: ["2106.90.90", "General Groceries", "good", 9029]
Updated MILLION FOAMBATH 500ML -> General Groceries / 2106.90.90 / good
Query: update "products" set "hs_code" = $1, "category" = $2, "product_type" = $3 where "products"."id" = $4 -- params: ["2106.90.90", "General Groceries", "good", 9030]
Updated MILO 125G -> General Groceries / 2106.90.90 / good
Query: update "products" set "hs_code" = $1, "category" = $2, "product_type" = $3 where "products"."id" = $4 -- params: ["2106.90.90", "General Groceries", "good", 9032]
Updated MILO 500G -> General Groceries / 2106.90.90 / good
Query: update "products" set "hs_code" = $1, "category" = $2, "product_type" = $3 where "products"."id" = $4 -- params: ["2106.90.90", "General Groceries", "good", 9033]
Updated MINI -> General Groceries / 2106.90.90 / good
Query: update "products" set "hs_code" = $1, "category" = $2, "product_type" = $3 where "products"."id" = $4 -- params: ["3304.99.00", "Toiletries & Cosmetics", "good", 9034]
Updated MINI  CHOC  CREAMS 100G -> Toiletries & Cosmetics / 3304.99.00 / good
Query: update "products" set "hs_code" = $1, "category" = $2, "product_type" = $3 where "products"."id" = $4 -- params: ["3304.99.00", "Toiletries & Cosmetics", "good", 9035]
Updated MINI CREAM BUNS -> Toiletries & Cosmetics / 3304.99.00 / good
Query: update "products" set "hs_code" = $1, "category" = $2, "product_type" = $3 where "products"."id" = $4 -- params: ["1905.90.00", "Snacks & Sweets", "good", 9036]
Updated MINTEX GUM 50S -> Snacks & Sweets / 1905.90.00 / good
Query: update "products" set "hs_code" = $1, "category" = $2, "product_type" = $3 where "products"."id" = $4 -- params: ["2202.10.00", "Beverages - Non-Alcoholic", "good", 9039]
Updated MINUTE MAID GUAVA -> Beverages - Non-Alcoholic / 2202.10.00 / good
Query: update "products" set "hs_code" = $1, "category" = $2, "product_type" = $3 where "products"."id" = $4 -- params: ["2202.10.00", "Beverages - Non-Alcoholic", "good", 9040]
Updated MINUTE MAID LEMON -> Beverages - Non-Alcoholic / 2202.10.00 / good
Query: update "products" set "hs_code" = $1, "category" = $2, "product_type" = $3 where "products"."id" = $4 -- params: ["2202.10.00", "Beverages - Non-Alcoholic", "good", 9041]
Updated MINUTE MAID ORANGE -> Beverages - Non-Alcoholic / 2202.10.00 / good
Query: update "products" set "hs_code" = $1, "category" = $2, "product_type" = $3 where "products"."id" = $4 -- params: ["2202.10.00", "Beverages - Non-Alcoholic", "good", 9042]
Updated MINUTE MAID PULPY -> Beverages - Non-Alcoholic / 2202.10.00 / good
Query: update "products" set "hs_code" = $1, "category" = $2, "product_type" = $3 where "products"."id" = $4 -- params: ["2202.10.00", "Beverages - Non-Alcoholic", "good", 9043]
Updated MINUTE MAID REFRESH 400ML -> Beverages - Non-Alcoholic / 2202.10.00 / good
Query: update "products" set "hs_code" = $1, "category" = $2, "product_type" = $3 where "products"."id" = $4 -- params: ["2106.90.90", "General Groceries", "good", 9044]
Updated MIRINDA CANE 330ML -> General Groceries / 2106.90.90 / good
Query: update "products" set "hs_code" = $1, "category" = $2, "product_type" = $3 where "products"."id" = $4 -- params: ["2106.90.90", "General Groceries", "good", 9045]
Updated MIXUP 250G -> General Groceries / 2106.90.90 / good
Query: update "products" set "hs_code" = $1, "category" = $2, "product_type" = $3 where "products"."id" = $4 -- params: ["2106.90.90", "General Groceries", "good", 9046]
Updated MOJO -> General Groceries / 2106.90.90 / good
Query: update "products" set "hs_code" = $1, "category" = $2, "product_type" = $3 where "products"."id" = $4 -- params: ["0808.10.00", "Fruits & Vegetables", "good", 9047]
Updated MOJO PINEAPPLE 330ML -> Fruits & Vegetables / 0808.10.00 / good
Query: update "products" set "hs_code" = $1, "category" = $2, "product_type" = $3 where "products"."id" = $4 -- params: ["2202.10.00", "Beverages - Non-Alcoholic", "good", 9048]
Updated MONSTER ENERGY DRINKS 500ML -> Beverages - Non-Alcoholic / 2202.10.00 / good
Query: update "products" set "hs_code" = $1, "category" = $2, "product_type" = $3 where "products"."id" = $4 -- params: ["2106.90.90", "General Groceries", "good", 9049]
Updated MONTELLO 750ML -> General Groceries / 2106.90.90 / good
Query: update "products" set "hs_code" = $1, "category" = $2, "product_type" = $3 where "products"."id" = $4 -- params: ["2106.90.90", "General Groceries", "good", 9050]
Updated MONTELO 200ML -> General Groceries / 2106.90.90 / good
Query: update "products" set "hs_code" = $1, "category" = $2, "product_type" = $3 where "products"."id" = $4 -- params: ["2106.90.90", "General Groceries", "good", 9051]
Updated MONTERO 5KG RICE -> General Groceries / 2106.90.90 / good
Query: update "products" set "hs_code" = $1, "category" = $2, "product_type" = $3 where "products"."id" = $4 -- params: ["2106.90.90", "General Groceries", "good", 9052]
Updated MONTYS BAKED BEANS -> General Groceries / 2106.90.90 / good
Query: update "products" set "hs_code" = $1, "category" = $2, "product_type" = $3 where "products"."id" = $4 -- params: ["2106.90.90", "General Groceries", "good", 9053]
Updated MOOYO MAHEU 500ML -> General Groceries / 2106.90.90 / good
Query: update "products" set "hs_code" = $1, "category" = $2, "product_type" = $3 where "products"."id" = $4 -- params: ["1512.19.00", "Groceries - Staples", "good", 9054]
Updated MOSQUITOE COILS BOX -> Groceries - Staples / 1512.19.00 / good
Query: update "products" set "hs_code" = $1, "category" = $2, "product_type" = $3 where "products"."id" = $4 -- params: ["3304.99.00", "Toiletries & Cosmetics", "good", 9055]
Updated MOVIT HAIR RELAXER 250G -> Toiletries & Cosmetics / 3304.99.00 / good
Query: update "products" set "hs_code" = $1, "category" = $2, "product_type" = $3 where "products"."id" = $4 -- params: ["2106.90.90", "General Groceries", "good", 9056]
Updated MR NAX 25G -> General Groceries / 2106.90.90 / good
Query: update "products" set "hs_code" = $1, "category" = $2, "product_type" = $3 where "products"."id" = $4 -- params: ["2106.90.90", "General Groceries", "good", 9057]
Updated MR PUFF -> General Groceries / 2106.90.90 / good
Query: update "products" set "hs_code" = $1, "category" = $2, "product_type" = $3 where "products"."id" = $4 -- params: ["2106.90.90", "General Groceries", "good", 9058]
Updated MR RICE  2KG -> General Groceries / 2106.90.90 / good
Query: update "products" set "hs_code" = $1, "category" = $2, "product_type" = $3 where "products"."id" = $4 -- params: ["2106.90.90", "General Groceries", "good", 9059]
Updated MR RICE 5KG -> General Groceries / 2106.90.90 / good
Query: update "products" set "hs_code" = $1, "category" = $2, "product_type" = $3 where "products"."id" = $4 -- params: ["2103.90.00", "Groceries - Condiments", "good", 9060]
Updated MR SALT 1KG -> Groceries - Condiments / 2103.90.00 / good
Query: update "products" set "hs_code" = $1, "category" = $2, "product_type" = $3 where "products"."id" = $4 -- params: ["2103.90.00", "Groceries - Condiments", "good", 9061]
Updated MR SAUCE -> Groceries - Condiments / 2103.90.00 / good
Query: update "products" set "hs_code" = $1, "category" = $2, "product_type" = $3 where "products"."id" = $4 -- params: ["2106.90.90", "General Groceries", "good", 9062]
Updated MR STRONG 100ML -> General Groceries / 2106.90.90 / good
Query: update "products" set "hs_code" = $1, "category" = $2, "product_type" = $3 where "products"."id" = $4 -- params: ["2106.90.90", "General Groceries", "good", 9063]
Updated MT DEW 500ML -> General Groceries / 2106.90.90 / good
Query: update "products" set "hs_code" = $1, "category" = $2, "product_type" = $3 where "products"."id" = $4 -- params: ["2106.90.90", "General Groceries", "good", 9064]
Updated MUMS PASTA 2KG -> General Groceries / 2106.90.90 / good
Query: update "products" set "hs_code" = $1, "category" = $2, "product_type" = $3 where "products"."id" = $4 -- params: ["2106.90.90", "General Groceries", "good", 9065]
Updated NAN 1 -> General Groceries / 2106.90.90 / good
Query: update "products" set "hs_code" = $1, "category" = $2, "product_type" = $3 where "products"."id" = $4 -- params: ["2106.90.90", "General Groceries", "good", 9088]
Updated NOLA MAYONAISE 750G -> General Groceries / 2106.90.90 / good
Query: update "products" set "hs_code" = $1, "category" = $2, "product_type" = $3 where "products"."id" = $4 -- params: ["2106.90.90", "General Groceries", "good", 9089]
Updated NUGGET BIG -> General Groceries / 2106.90.90 / good
Query: update "products" set "hs_code" = $1, "category" = $2, "product_type" = $3 where "products"."id" = $4 -- params: ["3402.20.00", "Cleaning & Detergents", "good", 9090]
Updated NUGGET POLISH 100ML -> Cleaning & Detergents / 3402.20.00 / good
Query: update "products" set "hs_code" = $1, "category" = $2, "product_type" = $3 where "products"."id" = $4 -- params: ["2106.90.90", "General Groceries", "good", 9091]
Updated NUGGET SMALL -> General Groceries / 2106.90.90 / good
Query: update "products" set "hs_code" = $1, "category" = $2, "product_type" = $3 where "products"."id" = $4 -- params: ["2106.90.90", "General Groceries", "good", 9092]
Updated NYATHI 1.25L -> General Groceries / 2106.90.90 / good
Query: update "products" set "hs_code" = $1, "category" = $2, "product_type" = $3 where "products"."id" = $4 -- params: ["2106.90.90", "General Groceries", "good", 9093]
Updated OASIS 2L -> General Groceries / 2106.90.90 / good
Query: update "products" set "hs_code" = $1, "category" = $2, "product_type" = $3 where "products"."id" = $4 -- params: ["2106.90.90", "General Groceries", "good", 9094]
Updated OASIS 5L -> General Groceries / 2106.90.90 / good
Query: update "products" set "hs_code" = $1, "category" = $2, "product_type" = $3 where "products"."id" = $4 -- params: ["2106.90.90", "General Groceries", "good", 9066]
Updated NAN 2 -> General Groceries / 2106.90.90 / good
Query: update "products" set "hs_code" = $1, "category" = $2, "product_type" = $3 where "products"."id" = $4 -- params: ["2106.90.90", "General Groceries", "good", 9067]
Updated NAPPIES -> General Groceries / 2106.90.90 / good
Query: update "products" set "hs_code" = $1, "category" = $2, "product_type" = $3 where "products"."id" = $4 -- params: ["2106.90.90", "General Groceries", "good", 9068]
Updated NATURAL JOY 1LITRE. -> General Groceries / 2106.90.90 / good
Query: update "products" set "hs_code" = $1, "category" = $2, "product_type" = $3 where "products"."id" = $4 -- params: ["2106.90.90", "General Groceries", "good", 9069]
Updated NEDERBURG 750ML. -> General Groceries / 2106.90.90 / good
Query: update "products" set "hs_code" = $1, "category" = $2, "product_type" = $3 where "products"."id" = $4 -- params: ["3304.99.00", "Toiletries & Cosmetics", "good", 9070]
Updated NEO CREAM BISCUITS -> Toiletries & Cosmetics / 3304.99.00 / good
Query: update "products" set "hs_code" = $1, "category" = $2, "product_type" = $3 where "products"."id" = $4 -- params: ["2106.90.90", "General Groceries", "good", 9071]
Updated NETONE AIRTIME -> General Groceries / 2106.90.90 / good
Query: update "products" set "hs_code" = $1, "category" = $2, "product_type" = $3 where "products"."id" = $4 -- params: ["2106.90.90", "General Groceries", "good", 9072]
Updated NGODA 1.3L -> General Groceries / 2106.90.90 / good
Query: update "products" set "hs_code" = $1, "category" = $2, "product_type" = $3 where "products"."id" = $4 -- params: ["2106.90.90", "General Groceries", "good", 9073]
Updated NIBBLE NAKS 20G -> General Groceries / 2106.90.90 / good
Query: update "products" set "hs_code" = $1, "category" = $2, "product_type" = $3 where "products"."id" = $4 -- params: ["1905.90.00", "Snacks & Sweets", "good", 9074]
Updated NIBBLE NAKS BISCUITS 250G -> Snacks & Sweets / 1905.90.00 / good
Query: update "products" set "hs_code" = $1, "category" = $2, "product_type" = $3 where "products"."id" = $4 -- params: ["2106.90.90", "General Groceries", "good", 9075]
Updated NIBBLE POTATOE CHIPS 100G -> General Groceries / 2106.90.90 / good
Query: update "products" set "hs_code" = $1, "category" = $2, "product_type" = $3 where "products"."id" = $4 -- params: ["2106.90.90", "General Groceries", "good", 9076]
Updated NIGHTFALL FOAMBATH 500ML -> General Groceries / 2106.90.90 / good
Query: update "products" set "hs_code" = $1, "category" = $2, "product_type" = $3 where "products"."id" = $4 -- params: ["2106.90.90", "General Groceries", "good", 9077]
Updated NIKOLAI CARAMEL 750ML -> General Groceries / 2106.90.90 / good
Query: update "products" set "hs_code" = $1, "category" = $2, "product_type" = $3 where "products"."id" = $4 -- params: ["2106.90.90", "General Groceries", "good", 9078]
Updated NIKOLAI VODKA 200ML -> General Groceries / 2106.90.90 / good
Query: update "products" set "hs_code" = $1, "category" = $2, "product_type" = $3 where "products"."id" = $4 -- params: ["2106.90.90", "General Groceries", "good", 9079]
Updated NIKOLAI VODKA 75ML -> General Groceries / 2106.90.90 / good
Query: update "products" set "hs_code" = $1, "category" = $2, "product_type" = $3 where "products"."id" = $4 -- params: ["3304.99.00", "Toiletries & Cosmetics", "good", 9080]
Updated NIVEA CREAM 400ML -> Toiletries & Cosmetics / 3304.99.00 / good
Query: update "products" set "hs_code" = $1, "category" = $2, "product_type" = $3 where "products"."id" = $4 -- params: ["3304.99.00", "Toiletries & Cosmetics", "good", 9081]
Updated NIVEA LOTION 400ML -> Toiletries & Cosmetics / 3304.99.00 / good
Query: update "products" set "hs_code" = $1, "category" = $2, "product_type" = $3 where "products"."id" = $4 -- params: ["2106.90.90", "General Groceries", "good", 9082]
Updated NIVEA Q10 400ML -> General Groceries / 2106.90.90 / good
Query: update "products" set "hs_code" = $1, "category" = $2, "product_type" = $3 where "products"."id" = $4 -- params: ["3304.99.00", "Toiletries & Cosmetics", "good", 9083]
Updated NIVEA ROLL ON -> Toiletries & Cosmetics / 3304.99.00 / good
Query: update "products" set "hs_code" = $1, "category" = $2, "product_type" = $3 where "products"."id" = $4 -- params: ["2106.90.90", "General Groceries", "good", 9084]
Updated NIVEA SHOWER GEL -> General Groceries / 2106.90.90 / good
Query: update "products" set "hs_code" = $1, "category" = $2, "product_type" = $3 where "products"."id" = $4 -- params: ["3304.99.00", "Toiletries & Cosmetics", "good", 9085]
Updated NIVEA SPRAY150ML -> Toiletries & Cosmetics / 3304.99.00 / good
Query: update "products" set "hs_code" = $1, "category" = $2, "product_type" = $3 where "products"."id" = $4 -- params: ["2106.90.90", "General Groceries", "good", 9086]
Updated NO 9    200ML -> General Groceries / 2106.90.90 / good
Query: update "products" set "hs_code" = $1, "category" = $2, "product_type" = $3 where "products"."id" = $4 -- params: ["2106.90.90", "General Groceries", "good", 9087]
Updated NO 9 750ML -> General Groceries / 2106.90.90 / good
Query: update "products" set "hs_code" = $1, "category" = $2, "product_type" = $3 where "products"."id" = $4 -- params: ["2106.90.90", "General Groceries", "good", 9095]
Updated OCEAN BREEZE 1L -> General Groceries / 2106.90.90 / good
Query: update "products" set "hs_code" = $1, "category" = $2, "product_type" = $3 where "products"."id" = $4 -- params: ["2106.90.90", "General Groceries", "good", 9096]
Updated OEAN BREEZE FOAMBATH 500ML -> General Groceries / 2106.90.90 / good
Query: update "products" set "hs_code" = $1, "category" = $2, "product_type" = $3 where "products"."id" = $4 -- params: ["2106.90.90", "General Groceries", "good", 9098]
Updated OH SO HEAVENLY FOAM BATH 2L -> General Groceries / 2106.90.90 / good
Query: update "products" set "hs_code" = $1, "category" = $2, "product_type" = $3 where "products"."id" = $4 -- params: ["3304.99.00", "Toiletries & Cosmetics", "good", 9099]
Updated OH SO HEAVENLY LOTION 1L -> Toiletries & Cosmetics / 3304.99.00 / good
Query: update "products" set "hs_code" = $1, "category" = $2, "product_type" = $3 where "products"."id" = $4 -- params: ["3304.99.00", "Toiletries & Cosmetics", "good", 9100]
Updated OLIVE & ARGAN OIL HAIR FOOD 12 -> Toiletries & Cosmetics / 3304.99.00 / good
Query: update "products" set "hs_code" = $1, "category" = $2, "product_type" = $3 where "products"."id" = $4 -- params: ["3304.99.00", "Toiletries & Cosmetics", "good", 9101]
Updated OLIVE OIL RELAXER -> Toiletries & Cosmetics / 3304.99.00 / good
Query: update "products" set "hs_code" = $1, "category" = $2, "product_type" = $3 where "products"."id" = $4 -- params: ["2106.90.90", "General Groceries", "good", 9103]
Updated OLIVINE 2L -> General Groceries / 2106.90.90 / good
Query: update "products" set "hs_code" = $1, "category" = $2, "product_type" = $3 where "products"."id" = $4 -- params: ["2106.90.90", "General Groceries", "good", 9104]
Updated OLIVINE BAKED BEANS -> General Groceries / 2106.90.90 / good
Query: update "products" set "hs_code" = $1, "category" = $2, "product_type" = $3 where "products"."id" = $4 -- params: ["2106.90.90", "General Groceries", "good", 9105]
Updated OLMEGA  700MLS -> General Groceries / 2106.90.90 / good
Query: update "products" set "hs_code" = $1, "category" = $2, "product_type" = $3 where "products"."id" = $4 -- params: ["2106.90.90", "General Groceries", "good", 9106]
Updated ONE SHOT VODKA 200ML -> General Groceries / 2106.90.90 / good
Query: update "products" set "hs_code" = $1, "category" = $2, "product_type" = $3 where "products"."id" = $4 -- params: ["2106.90.90", "General Groceries", "good", 9107]
Updated ONIONS -> General Groceries / 2106.90.90 / good
Query: update "products" set "hs_code" = $1, "category" = $2, "product_type" = $3 where "products"."id" = $4 -- params: ["2106.90.90", "General Groceries", "good", 9108]
Updated ONIONS 50C BUNDLE -> General Groceries / 2106.90.90 / good
Query: update "products" set "hs_code" = $1, "category" = $2, "product_type" = $3 where "products"."id" = $4 -- params: ["2106.90.90", "General Groceries", "good", 9109]
Updated ONIONS UNITS -> General Groceries / 2106.90.90 / good
Query: update "products" set "hs_code" = $1, "category" = $2, "product_type" = $3 where "products"."id" = $4 -- params: ["3304.99.00", "Toiletries & Cosmetics", "good", 9110]
Updated ORANGE TOOTHBRUSH -> Toiletries & Cosmetics / 3304.99.00 / good
Query: update "products" set "hs_code" = $1, "category" = $2, "product_type" = $3 where "products"."id" = $4 -- params: ["2106.90.90", "General Groceries", "good", 9111]
Updated ORANGES -> General Groceries / 2106.90.90 / good
Query: update "products" set "hs_code" = $1, "category" = $2, "product_type" = $3 where "products"."id" = $4 -- params: ["2106.90.90", "General Groceries", "good", 9112]
Updated ORANGES $1 PACK -> General Groceries / 2106.90.90 / good
Query: update "products" set "hs_code" = $1, "category" = $2, "product_type" = $3 where "products"."id" = $4 -- params: ["2106.90.90", "General Groceries", "good", 9113]
Updated ORANGES 50C PACK -> General Groceries / 2106.90.90 / good
Query: update "products" set "hs_code" = $1, "category" = $2, "product_type" = $3 where "products"."id" = $4 -- params: ["2106.90.90", "General Groceries", "good", 9114]
Updated PACIFIC BREAZE 20PACK -> General Groceries / 2106.90.90 / good
Query: update "products" set "hs_code" = $1, "category" = $2, "product_type" = $3 where "products"."id" = $4 -- params: ["2106.90.90", "General Groceries", "good", 9115]
Updated PACIFIC STORM 20PACK -> General Groceries / 2106.90.90 / good
Query: update "products" set "hs_code" = $1, "category" = $2, "product_type" = $3 where "products"."id" = $4 -- params: ["2106.90.90", "General Groceries", "good", 9116]
Updated PAIN EEZE 2S -> General Groceries / 2106.90.90 / good
Query: update "products" set "hs_code" = $1, "category" = $2, "product_type" = $3 where "products"."id" = $4 -- params: ["2106.90.90", "General Groceries", "good", 9117]
Updated PAPAS CHIPS 50G -> General Groceries / 2106.90.90 / good
Query: update "products" set "hs_code" = $1, "category" = $2, "product_type" = $3 where "products"."id" = $4 -- params: ["1905.90.00", "Snacks & Sweets", "good", 9118]
Updated PASCAL CHOCOLATES -> Snacks & Sweets / 1905.90.00 / good
Query: update "products" set "hs_code" = $1, "category" = $2, "product_type" = $3 where "products"."id" = $4 -- params: ["2106.90.90", "General Groceries", "good", 9119]
Updated PEARLENTA PORRIDGE 1KG -> General Groceries / 2106.90.90 / good
Query: update "products" set "hs_code" = $1, "category" = $2, "product_type" = $3 where "products"."id" = $4 -- params: ["2106.90.90", "General Groceries", "good", 9120]
Updated PEAS PACK -> General Groceries / 2106.90.90 / good
Query: update "products" set "hs_code" = $1, "category" = $2, "product_type" = $3 where "products"."id" = $4 -- params: ["2106.90.90", "General Groceries", "good", 9121]
Updated PEGASUS 20s -> General Groceries / 2106.90.90 / good
Query: update "products" set "hs_code" = $1, "category" = $2, "product_type" = $3 where "products"."id" = $4 -- params: ["4820.20.00", "Stationery", "good", 9122]
Updated PENCILS -> Stationery / 4820.20.00 / good
Query: update "products" set "hs_code" = $1, "category" = $2, "product_type" = $3 where "products"."id" = $4 -- params: ["2106.90.90", "General Groceries", "good", 9123]
Updated PEPPER -> General Groceries / 2106.90.90 / good
Query: update "products" set "hs_code" = $1, "category" = $2, "product_type" = $3 where "products"."id" = $4 -- params: ["2202.10.00", "Beverages - Non-Alcoholic", "good", 9124]
Updated PEPSI 1L -> Beverages - Non-Alcoholic / 2202.10.00 / good
Query: update "products" set "hs_code" = $1, "category" = $2, "product_type" = $3 where "products"."id" = $4 -- params: ["2202.10.00", "Beverages - Non-Alcoholic", "good", 9125]
Updated PEPSI 2L -> Beverages - Non-Alcoholic / 2202.10.00 / good
Query: update "products" set "hs_code" = $1, "category" = $2, "product_type" = $3 where "products"."id" = $4 -- params: ["2202.10.00", "Beverages - Non-Alcoholic", "good", 9126]
Updated PEPSI 300ML -> Beverages - Non-Alcoholic / 2202.10.00 / good
Query: update "products" set "hs_code" = $1, "category" = $2, "product_type" = $3 where "products"."id" = $4 -- params: ["2202.10.00", "Beverages - Non-Alcoholic", "good", 9127]
Updated PEPSI 500ML -> Beverages - Non-Alcoholic / 2202.10.00 / good
Query: update "products" set "hs_code" = $1, "category" = $2, "product_type" = $3 where "products"."id" = $4 -- params: ["2202.10.00", "Beverages - Non-Alcoholic", "good", 9128]
Updated PEPSI 750MLS -> Beverages - Non-Alcoholic / 2202.10.00 / good
Query: update "products" set "hs_code" = $1, "category" = $2, "product_type" = $3 where "products"."id" = $4 -- params: ["2202.10.00", "Beverages - Non-Alcoholic", "good", 9129]
Updated PEPSI CAN 440ML -> Beverages - Non-Alcoholic / 2202.10.00 / good
Query: update "products" set "hs_code" = $1, "category" = $2, "product_type" = $3 where "products"."id" = $4 -- params: ["3304.99.00", "Toiletries & Cosmetics", "good", 9130]
Updated PERFECTION SOAP 1KG -> Toiletries & Cosmetics / 3304.99.00 / good
Query: update "products" set "hs_code" = $1, "category" = $2, "product_type" = $3 where "products"."id" = $4 -- params: ["2106.90.90", "General Groceries", "good", 9131]
Updated PFUKO 500ML -> General Groceries / 2106.90.90 / good
Query: update "products" set "hs_code" = $1, "category" = $2, "product_type" = $3 where "products"."id" = $4 -- params: ["2106.90.90", "General Groceries", "good", 9132]
Updated PILSENER QUARTS -> General Groceries / 2106.90.90 / good
Query: update "products" set "hs_code" = $1, "category" = $2, "product_type" = $3 where "products"."id" = $4 -- params: ["2106.90.90", "General Groceries", "good", 9134]
Updated PINK PETALS FOAM BATH 1L -> General Groceries / 2106.90.90 / good
Query: update "products" set "hs_code" = $1, "category" = $2, "product_type" = $3 where "products"."id" = $4 -- params: ["2106.90.90", "General Groceries", "good", 9135]
Updated PLAIN BUNS -> General Groceries / 2106.90.90 / good
Query: update "products" set "hs_code" = $1, "category" = $2, "product_type" = $3 where "products"."id" = $4 -- params: ["2106.90.90", "General Groceries", "good", 9136]
Updated PLASTIC COVERS -> General Groceries / 2106.90.90 / good
Query: update "products" set "hs_code" = $1, "category" = $2, "product_type" = $3 where "products"."id" = $4 -- params: ["2106.90.90", "General Groceries", "good", 9137]
Updated PLAY BOY 150ML -> General Groceries / 2106.90.90 / good
Query: update "products" set "hs_code" = $1, "category" = $2, "product_type" = $3 where "products"."id" = $4 -- params: ["3304.99.00", "Toiletries & Cosmetics", "good", 9138]
Updated PLAY GIRL SPRAY 90ML -> Toiletries & Cosmetics / 3304.99.00 / good
Query: update "products" set "hs_code" = $1, "category" = $2, "product_type" = $3 where "products"."id" = $4 -- params: ["2106.90.90", "General Groceries", "good", 9139]
Updated PLAYGIRL ROLL-ON -> General Groceries / 2106.90.90 / good
Query: update "products" set "hs_code" = $1, "category" = $2, "product_type" = $3 where "products"."id" = $4 -- params: ["2106.90.90", "General Groceries", "good", 9140]
Updated POLONY 200G -> General Groceries / 2106.90.90 / good
Query: update "products" set "hs_code" = $1, "category" = $2, "product_type" = $3 where "products"."id" = $4 -- params: ["2202.10.00", "Beverages - Non-Alcoholic", "good", 9141]
Updated POP DRINKS 2L -> Beverages - Non-Alcoholic / 2202.10.00 / good
Query: update "products" set "hs_code" = $1, "category" = $2, "product_type" = $3 where "products"."id" = $4 -- params: ["2202.10.00", "Beverages - Non-Alcoholic", "good", 9142]
Updated POP DRINKS 5L -> Beverages - Non-Alcoholic / 2202.10.00 / good
Query: update "products" set "hs_code" = $1, "category" = $2, "product_type" = $3 where "products"."id" = $4 -- params: ["1905.90.00", "Snacks & Sweets", "good", 9143]
Updated POPCORN -> Snacks & Sweets / 1905.90.00 / good
Query: update "products" set "hs_code" = $1, "category" = $2, "product_type" = $3 where "products"."id" = $4 -- params: ["2106.90.90", "General Groceries", "good", 9144]
Updated POTATOES $1 PACK -> General Groceries / 2106.90.90 / good
Query: update "products" set "hs_code" = $1, "category" = $2, "product_type" = $3 where "products"."id" = $4 -- params: ["2106.90.90", "General Groceries", "good", 9145]
Updated POTATOES $10 pack -> General Groceries / 2106.90.90 / good
Query: update "products" set "hs_code" = $1, "category" = $2, "product_type" = $3 where "products"."id" = $4 -- params: ["2106.90.90", "General Groceries", "good", 9146]
Updated POTATOES $2 PACK -> General Groceries / 2106.90.90 / good
Query: update "products" set "hs_code" = $1, "category" = $2, "product_type" = $3 where "products"."id" = $4 -- params: ["2106.90.90", "General Groceries", "good", 9147]
Updated POTATOES 50C PACK -> General Groceries / 2106.90.90 / good
Query: update "products" set "hs_code" = $1, "category" = $2, "product_type" = $3 where "products"."id" = $4 -- params: ["2106.90.90", "General Groceries", "good", 9148]
Updated POTATOES BIG -> General Groceries / 2106.90.90 / good
Query: update "products" set "hs_code" = $1, "category" = $2, "product_type" = $3 where "products"."id" = $4 -- params: ["2106.90.90", "General Groceries", "good", 9149]
Updated POTATOES MEGA PACK -> General Groceries / 2106.90.90 / good
Query: update "products" set "hs_code" = $1, "category" = $2, "product_type" = $3 where "products"."id" = $4 -- params: ["2106.90.90", "General Groceries", "good", 9150]
Updated POTATOES NEW PACK -> General Groceries / 2106.90.90 / good
Query: update "products" set "hs_code" = $1, "category" = $2, "product_type" = $3 where "products"."id" = $4 -- params: ["2106.90.90", "General Groceries", "good", 9151]
Updated POTATOES SMALL -> General Groceries / 2106.90.90 / good
Query: update "products" set "hs_code" = $1, "category" = $2, "product_type" = $3 where "products"."id" = $4 -- params: ["2106.90.90", "General Groceries", "good", 9153]
Updated POWERPLUS 310MLS -> General Groceries / 2106.90.90 / good
Query: update "products" set "hs_code" = $1, "category" = $2, "product_type" = $3 where "products"."id" = $4 -- params: ["1905.90.00", "Snacks & Sweets", "good", 9154]
Updated PRINCE LOOSE BISCUITS -> Snacks & Sweets / 1905.90.00 / good
Query: update "products" set "hs_code" = $1, "category" = $2, "product_type" = $3 where "products"."id" = $4 -- params: ["2106.90.90", "General Groceries", "good", 9155]
Updated PROBRANDS DOVI 375ML -> General Groceries / 2106.90.90 / good
Query: update "products" set "hs_code" = $1, "category" = $2, "product_type" = $3 where "products"."id" = $4 -- params: ["2103.90.00", "Groceries - Condiments", "good", 9156]
Updated PROBRANDS SALT 2KG -> Groceries - Condiments / 2103.90.00 / good
Query: update "products" set "hs_code" = $1, "category" = $2, "product_type" = $3 where "products"."id" = $4 -- params: ["2106.90.90", "General Groceries", "good", 9157]
Updated PROTEX 150G -> General Groceries / 2106.90.90 / good
Query: update "products" set "hs_code" = $1, "category" = $2, "product_type" = $3 where "products"."id" = $4 -- params: ["1905.90.00", "Snacks & Sweets", "good", 9158]
Updated PROTON COOKIES 1KG -> Snacks & Sweets / 1905.90.00 / good
Query: update "products" set "hs_code" = $1, "category" = $2, "product_type" = $3 where "products"."id" = $4 -- params: ["1905.90.00", "Snacks & Sweets", "good", 9159]
Updated PROTON COOKIES 250G -> Snacks & Sweets / 1905.90.00 / good
Query: update "products" set "hs_code" = $1, "category" = $2, "product_type" = $3 where "products"."id" = $4 -- params: ["1905.90.00", "Snacks & Sweets", "good", 9160]
Updated PROTON COOKIES 2KG -> Snacks & Sweets / 1905.90.00 / good
Query: update "products" set "hs_code" = $1, "category" = $2, "product_type" = $3 where "products"."id" = $4 -- params: ["1905.90.00", "Snacks & Sweets", "good", 9161]
Updated PROTON COOKIES 500G -> Snacks & Sweets / 1905.90.00 / good
Query: update "products" set "hs_code" = $1, "category" = $2, "product_type" = $3 where "products"."id" = $4 -- params: ["2106.90.90", "General Groceries", "good", 9162]
Updated PURE DROP 2L -> General Groceries / 2106.90.90 / good
Query: update "products" set "hs_code" = $1, "category" = $2, "product_type" = $3 where "products"."id" = $4 -- params: ["2106.90.90", "General Groceries", "good", 9163]
Updated PURE GLYCERINE 50MLS -> General Groceries / 2106.90.90 / good
Query: update "products" set "hs_code" = $1, "category" = $2, "product_type" = $3 where "products"."id" = $4 -- params: ["1512.19.00", "Groceries - Staples", "good", 9164]
Updated PUREDROP 750ML COOKING OIL -> Groceries - Staples / 1512.19.00 / good
Query: update "products" set "hs_code" = $1, "category" = $2, "product_type" = $3 where "products"."id" = $4 -- params: ["2106.90.90", "General Groceries", "good", 9165]
Updated PUSHKIN 750ML -> General Groceries / 2106.90.90 / good
Query: update "products" set "hs_code" = $1, "category" = $2, "product_type" = $3 where "products"."id" = $4 -- params: ["2106.90.90", "General Groceries", "good", 9166]
Updated QUENCH 2L -> General Groceries / 2106.90.90 / good
Query: update "products" set "hs_code" = $1, "category" = $2, "product_type" = $3 where "products"."id" = $4 -- params: ["2106.90.90", "General Groceries", "good", 9167]
Updated QUICK BREW 100S -> General Groceries / 2106.90.90 / good
Query: update "products" set "hs_code" = $1, "category" = $2, "product_type" = $3 where "products"."id" = $4 -- params: ["2106.90.90", "General Groceries", "good", 9168]
Updated QUICKBREW 50S -> General Groceries / 2106.90.90 / good
Query: update "products" set "hs_code" = $1, "category" = $2, "product_type" = $3 where "products"."id" = $4 -- params: ["3304.99.00", "Toiletries & Cosmetics", "good", 9169]
Updated RABROY SALAD CREAM 400G -> Toiletries & Cosmetics / 3304.99.00 / good
Query: update "products" set "hs_code" = $1, "category" = $2, "product_type" = $3 where "products"."id" = $4 -- params: ["2103.90.00", "Groceries - Condiments", "good", 9170]
Updated RABROY TOMATO SAUCE -> Groceries - Condiments / 2103.90.00 / good
Query: update "products" set "hs_code" = $1, "category" = $2, "product_type" = $3 where "products"."id" = $4 -- params: ["2103.90.00", "Groceries - Condiments", "good", 9171]
Updated RABROY TOMATO SAUCE 375ML -> Groceries - Condiments / 2103.90.00 / good
Query: update "products" set "hs_code" = $1, "category" = $2, "product_type" = $3 where "products"."id" = $4 -- params: ["2106.90.90", "General Groceries", "good", 9172]
Updated RAHA 2L -> General Groceries / 2106.90.90 / good
Query: update "products" set "hs_code" = $1, "category" = $2, "product_type" = $3 where "products"."id" = $4 -- params: ["1905.90.00", "Snacks & Sweets", "good", 9173]
Updated RAINBOW ECCLAIR SWEETS 4S -> Snacks & Sweets / 1905.90.00 / good
Query: update "products" set "hs_code" = $1, "category" = $2, "product_type" = $3 where "products"."id" = $4 -- params: ["2106.90.90", "General Groceries", "good", 9174]
Updated RAJAH SMALL 50G -> General Groceries / 2106.90.90 / good
Query: update "products" set "hs_code" = $1, "category" = $2, "product_type" = $3 where "products"."id" = $4 -- params: ["2106.90.90", "General Groceries", "good", 9175]
Updated RANGER SPIRIT 200ML -> General Groceries / 2106.90.90 / good
Query: update "products" set "hs_code" = $1, "category" = $2, "product_type" = $3 where "products"."id" = $4 -- params: ["2106.90.90", "General Groceries", "good", 9176]
Updated RED BULL -> General Groceries / 2106.90.90 / good
Query: update "products" set "hs_code" = $1, "category" = $2, "product_type" = $3 where "products"."id" = $4 -- params: ["2106.90.90", "General Groceries", "good", 9177]
Updated RED LABEL 750ML -> General Groceries / 2106.90.90 / good
Query: update "products" set "hs_code" = $1, "category" = $2, "product_type" = $3 where "products"."id" = $4 -- params: ["1102.20.00", "Groceries - Staples", "good", 9178]
Updated REDSEAL MEALIE MEAL 10KG -> Groceries - Staples / 1102.20.00 / good
Query: update "products" set "hs_code" = $1, "category" = $2, "product_type" = $3 where "products"."id" = $4 -- params: ["2103.90.00", "Groceries - Condiments", "good", 9179]
Updated REDSEAL SALT 1KG -> Groceries - Condiments / 2103.90.00 / good
Query: update "products" set "hs_code" = $1, "category" = $2, "product_type" = $3 where "products"."id" = $4 -- params: ["2103.90.00", "Groceries - Condiments", "good", 9180]
Updated REDSEAL SALT 2KGS -> Groceries - Condiments / 2103.90.00 / good
Query: update "products" set "hs_code" = $1, "category" = $2, "product_type" = $3 where "products"."id" = $4 -- params: ["0805.50.00", "Fruits & Vegetables", "good", 9181]
Updated REVIVE 1L LEMON -> Fruits & Vegetables / 0805.50.00 / good
Query: update "products" set "hs_code" = $1, "category" = $2, "product_type" = $3 where "products"."id" = $4 -- params: ["2106.90.90", "General Groceries", "good", 9182]
Updated REVIVE 1L ORANGE -> General Groceries / 2106.90.90 / good
Query: update "products" set "hs_code" = $1, "category" = $2, "product_type" = $3 where "products"."id" = $4 -- params: ["2106.90.90", "General Groceries", "good", 9183]
Updated REVIVE 500ML EDGE -> General Groceries / 2106.90.90 / good
Query: update "products" set "hs_code" = $1, "category" = $2, "product_type" = $3 where "products"."id" = $4 -- params: ["2106.90.90", "General Groceries", "good", 9184]
Updated REVIVE MAHEU 1L -> General Groceries / 2106.90.90 / good
Query: update "products" set "hs_code" = $1, "category" = $2, "product_type" = $3 where "products"."id" = $4 -- params: ["2106.90.90", "General Groceries", "good", 9185]
Updated REVIVE MAHEU 500ML -> General Groceries / 2106.90.90 / good
Query: update "products" set "hs_code" = $1, "category" = $2, "product_type" = $3 where "products"."id" = $4 -- params: ["2106.90.90", "General Groceries", "good", 9186]
Updated RICOFFY BIG -> General Groceries / 2106.90.90 / good
Query: update "products" set "hs_code" = $1, "category" = $2, "product_type" = $3 where "products"."id" = $4 -- params: ["2106.90.90", "General Groceries", "good", 9187]
Updated RICOFFY SMALL -> General Groceries / 2106.90.90 / good
Query: update "products" set "hs_code" = $1, "category" = $2, "product_type" = $3 where "products"."id" = $4 -- params: ["2106.90.90", "General Groceries", "good", 9188]
Updated RIPPLES 100G -> General Groceries / 2106.90.90 / good
Query: update "products" set "hs_code" = $1, "category" = $2, "product_type" = $3 where "products"."id" = $4 -- params: ["2106.90.90", "General Groceries", "good", 9189]
Updated RIVELLA 200ML -> General Groceries / 2106.90.90 / good
Query: update "products" set "hs_code" = $1, "category" = $2, "product_type" = $3 where "products"."id" = $4 -- params: ["4820.20.00", "Stationery", "good", 9190]
Updated RIZZLA BOOKLET -> Stationery / 4820.20.00 / good
Query: update "products" set "hs_code" = $1, "category" = $2, "product_type" = $3 where "products"."id" = $4 -- params: ["1512.19.00", "Groceries - Staples", "good", 9191]
Updated ROIL 2L -> Groceries - Staples / 1512.19.00 / good
Query: update "products" set "hs_code" = $1, "category" = $2, "product_type" = $3 where "products"."id" = $4 -- params: ["2106.90.90", "General Groceries", "good", 9192]
Updated ROMEO  50ML -> General Groceries / 2106.90.90 / good
Query: update "products" set "hs_code" = $1, "category" = $2, "product_type" = $3 where "products"."id" = $4 -- params: ["2106.90.90", "General Groceries", "good", 9194]
Updated ROMI 1KG -> General Groceries / 2106.90.90 / good
Query: update "products" set "hs_code" = $1, "category" = $2, "product_type" = $3 where "products"."id" = $4 -- params: ["2106.90.90", "General Groceries", "good", 9195]
Updated ROMI 500G -> General Groceries / 2106.90.90 / good
Query: update "products" set "hs_code" = $1, "category" = $2, "product_type" = $3 where "products"."id" = $4 -- params: ["2106.90.90", "General Groceries", "good", 9196]
Updated ROSE FOAMBATH 500ML -> General Groceries / 2106.90.90 / good
Query: update "products" set "hs_code" = $1, "category" = $2, "product_type" = $3 where "products"."id" = $4 -- params: ["2103.90.00", "Groceries - Condiments", "good", 9198]
Updated ROYAL SPICE 80G -> Groceries - Condiments / 2103.90.00 / good
Query: update "products" set "hs_code" = $1, "category" = $2, "product_type" = $3 where "products"."id" = $4 -- params: ["2103.90.00", "Groceries - Condiments", "good", 9199]
Updated ROYAL SUN SALT 1KG -> Groceries - Condiments / 2103.90.00 / good
Query: update "products" set "hs_code" = $1, "category" = $2, "product_type" = $3 where "products"."id" = $4 -- params: ["2106.90.90", "General Groceries", "good", 9200]
Updated ROYCO BEEF 75G -> General Groceries / 2106.90.90 / good
Query: update "products" set "hs_code" = $1, "category" = $2, "product_type" = $3 where "products"."id" = $4 -- params: ["4820.20.00", "Stationery", "good", 9201]
Updated RULER -> Stationery / 4820.20.00 / good
Query: update "products" set "hs_code" = $1, "category" = $2, "product_type" = $3 where "products"."id" = $4 -- params: ["2106.90.90", "General Groceries", "good", 9202]
Updated RUSSIAN BEAR  750ML -> General Groceries / 2106.90.90 / good
Query: update "products" set "hs_code" = $1, "category" = $2, "product_type" = $3 where "products"."id" = $4 -- params: ["2106.90.90", "General Groceries", "good", 9203]
Updated SABLE LAGER 750ML -> General Groceries / 2106.90.90 / good
Query: update "products" set "hs_code" = $1, "category" = $2, "product_type" = $3 where "products"."id" = $4 -- params: ["3304.99.00", "Toiletries & Cosmetics", "good", 9204]
Updated SALAD CREAM CROSSE N B 790G -> Toiletries & Cosmetics / 3304.99.00 / good
Query: update "products" set "hs_code" = $1, "category" = $2, "product_type" = $3 where "products"."id" = $4 -- params: ["2106.90.90", "General Groceries", "good", 9205]
Updated SATISKIN 2L -> General Groceries / 2106.90.90 / good
Query: update "products" set "hs_code" = $1, "category" = $2, "product_type" = $3 where "products"."id" = $4 -- params: ["2106.90.90", "General Groceries", "good", 9206]
Updated SAVANNA 330ML -> General Groceries / 2106.90.90 / good
Query: update "products" set "hs_code" = $1, "category" = $2, "product_type" = $3 where "products"."id" = $4 -- params: ["2106.90.90", "General Groceries", "good", 9207]
Updated SAVANNA QTS -> General Groceries / 2106.90.90 / good
Query: update "products" set "hs_code" = $1, "category" = $2, "product_type" = $3 where "products"."id" = $4 -- params: ["2201.10.00", "Beverages - Non-Alcoholic", "good", 9208]
Updated SCHWEPPES TONIC WATER 200ML -> Beverages - Non-Alcoholic / 2201.10.00 / good
Query: update "products" set "hs_code" = $1, "category" = $2, "product_type" = $3 where "products"."id" = $4 -- params: ["2208.90.00", "Beverages - Alcoholic", "good", 9209]
Updated SCORPION BRANDY 200ML -> Beverages - Alcoholic / 2208.90.00 / good
Query: update "products" set "hs_code" = $1, "category" = $2, "product_type" = $3 where "products"."id" = $4 -- params: ["2106.90.90", "General Groceries", "good", 9210]
Updated SCOTISH LEADER 750ML -> General Groceries / 2106.90.90 / good
Query: update "products" set "hs_code" = $1, "category" = $2, "product_type" = $3 where "products"."id" = $4 -- params: ["2106.90.90", "General Groceries", "good", 9211]
Updated SHAKE N SIP 250ML -> General Groceries / 2106.90.90 / good
Query: update "products" set "hs_code" = $1, "category" = $2, "product_type" = $3 where "products"."id" = $4 -- params: ["2106.90.90", "General Groceries", "good", 9212]
Updated SHAKE N SIP 500ML -> General Groceries / 2106.90.90 / good
Query: update "products" set "hs_code" = $1, "category" = $2, "product_type" = $3 where "products"."id" = $4 -- params: ["2106.90.90", "General Groceries", "good", 9213]
Updated SHAKERZ 500ML -> General Groceries / 2106.90.90 / good
Query: update "products" set "hs_code" = $1, "category" = $2, "product_type" = $3 where "products"."id" = $4 -- params: ["2106.90.90", "General Groceries", "good", 9214]
Updated SHAVING STICKS -> General Groceries / 2106.90.90 / good
Query: update "products" set "hs_code" = $1, "category" = $2, "product_type" = $3 where "products"."id" = $4 -- params: ["3304.99.00", "Toiletries & Cosmetics", "good", 9215]
Updated SHIELD ROLL ON 50ML -> Toiletries & Cosmetics / 3304.99.00 / good
Query: update "products" set "hs_code" = $1, "category" = $2, "product_type" = $3 where "products"."id" = $4 -- params: ["1905.90.00", "Snacks & Sweets", "good", 9216]
Updated SHORTBREAD BISCUITS -> Snacks & Sweets / 1905.90.00 / good
Query: update "products" set "hs_code" = $1, "category" = $2, "product_type" = $3 where "products"."id" = $4 -- params: ["2106.90.90", "General Groceries", "good", 9217]
Updated SHORTIES 125G -> General Groceries / 2106.90.90 / good
Query: update "products" set "hs_code" = $1, "category" = $2, "product_type" = $3 where "products"."id" = $4 -- params: ["3304.99.00", "Toiletries & Cosmetics", "good", 9218]
Updated SHOWER TO SHOWER ROLL ON -> Toiletries & Cosmetics / 3304.99.00 / good
Query: update "products" set "hs_code" = $1, "category" = $2, "product_type" = $3 where "products"."id" = $4 -- params: ["2106.90.90", "General Groceries", "good", 9219]
Updated SHUMBA MAHEU 500ML -> General Groceries / 2106.90.90 / good
Query: update "products" set "hs_code" = $1, "category" = $2, "product_type" = $3 where "products"."id" = $4 -- params: ["1102.20.00", "Groceries - Staples", "good", 9220]
Updated SILO MEALIE MEAL 10KG -> Groceries - Staples / 1102.20.00 / good
Query: update "products" set "hs_code" = $1, "category" = $2, "product_type" = $3 where "products"."id" = $4 -- params: ["2106.90.90", "General Groceries", "good", 9221]
Updated SILVER TEA 125G -> General Groceries / 2106.90.90 / good
Query: update "products" set "hs_code" = $1, "category" = $2, "product_type" = $3 where "products"."id" = $4 -- params: ["2106.90.90", "General Groceries", "good", 9222]
Updated SILVER TEA 62.5G -> General Groceries / 2106.90.90 / good
Query: update "products" set "hs_code" = $1, "category" = $2, "product_type" = $3 where "products"."id" = $4 -- params: ["2106.90.90", "General Groceries", "good", 9223]
Updated SIMBA MAHEU -> General Groceries / 2106.90.90 / good
Query: update "products" set "hs_code" = $1, "category" = $2, "product_type" = $3 where "products"."id" = $4 -- params: ["2106.90.90", "General Groceries", "good", 9224]
Updated SIMPLY HONEY 375G -> General Groceries / 2106.90.90 / good
Query: update "products" set "hs_code" = $1, "category" = $2, "product_type" = $3 where "products"."id" = $4 -- params: ["0803.90.00", "Fruits & Vegetables", "good", 9225]
Updated SIXER BANANA SPIRIT -> Fruits & Vegetables / 0803.90.00 / good
Query: update "products" set "hs_code" = $1, "category" = $2, "product_type" = $3 where "products"."id" = $4 -- params: ["2106.90.90", "General Groceries", "good", 9226]
Updated SKALA 200G -> General Groceries / 2106.90.90 / good
Query: update "products" set "hs_code" = $1, "category" = $2, "product_type" = $3 where "products"."id" = $4 -- params: ["2106.90.90", "General Groceries", "good", 9227]
Updated SKIPPERS  200ML -> General Groceries / 2106.90.90 / good
Query: update "products" set "hs_code" = $1, "category" = $2, "product_type" = $3 where "products"."id" = $4 -- params: ["1905.90.00", "Snacks & Sweets", "good", 9228]
Updated SKIPPY CHOC -> Snacks & Sweets / 1905.90.00 / good
Query: update "products" set "hs_code" = $1, "category" = $2, "product_type" = $3 where "products"."id" = $4 -- params: ["2106.90.90", "General Groceries", "good", 9229]
Updated SMIRNOFF 750MLS -> General Groceries / 2106.90.90 / good
Query: update "products" set "hs_code" = $1, "category" = $2, "product_type" = $3 where "products"."id" = $4 -- params: ["2106.90.90", "General Groceries", "good", 9230]
Updated SNOWFLAKE 2.5KG -> General Groceries / 2106.90.90 / good
Query: update "products" set "hs_code" = $1, "category" = $2, "product_type" = $3 where "products"."id" = $4 -- params: ["2106.90.90", "General Groceries", "good", 9231]
Updated SODA SATCHETS 7G -> General Groceries / 2106.90.90 / good
Query: update "products" set "hs_code" = $1, "category" = $2, "product_type" = $3 where "products"."id" = $4 -- params: ["2201.10.00", "Beverages - Non-Alcoholic", "good", 9232]
Updated SODA WATER 200ML -> Beverages - Non-Alcoholic / 2201.10.00 / good
Query: update "products" set "hs_code" = $1, "category" = $2, "product_type" = $3 where "products"."id" = $4 -- params: ["2106.90.90", "General Groceries", "good", 9234]
Updated SOFT SKIN BODY WASH 750ML -> General Groceries / 2106.90.90 / good
Query: update "products" set "hs_code" = $1, "category" = $2, "product_type" = $3 where "products"."id" = $4 -- params: ["3304.99.00", "Toiletries & Cosmetics", "good", 9235]
Updated SOFT TISSUE 4S -> Toiletries & Cosmetics / 3304.99.00 / good
Query: update "products" set "hs_code" = $1, "category" = $2, "product_type" = $3 where "products"."id" = $4 -- params: ["2106.90.90", "General Groceries", "good", 9236]
Updated SOFT TOUCH 350MLS -> General Groceries / 2106.90.90 / good
Query: update "products" set "hs_code" = $1, "category" = $2, "product_type" = $3 where "products"."id" = $4 -- params: ["3304.99.00", "Toiletries & Cosmetics", "good", 9237]
Updated SOFT TOUCH LOTION 50MLS -> Toiletries & Cosmetics / 3304.99.00 / good
Query: update "products" set "hs_code" = $1, "category" = $2, "product_type" = $3 where "products"."id" = $4 -- params: ["3304.99.00", "Toiletries & Cosmetics", "good", 9238]
Updated SOFTCARE PADS -> Toiletries & Cosmetics / 3304.99.00 / good
Query: update "products" set "hs_code" = $1, "category" = $2, "product_type" = $3 where "products"."id" = $4 -- params: ["2106.90.90", "General Groceries", "good", 9239]
Updated SOFTCARE PAMPER -> General Groceries / 2106.90.90 / good
Query: update "products" set "hs_code" = $1, "category" = $2, "product_type" = $3 where "products"."id" = $4 -- params: ["2106.90.90", "General Groceries", "good", 9240]
Updated SONA 250G -> General Groceries / 2106.90.90 / good
Query: update "products" set "hs_code" = $1, "category" = $2, "product_type" = $3 where "products"."id" = $4 -- params: ["1905.90.00", "Snacks & Sweets", "good", 9241]
Updated SOOPER LOOSE BISCUITS 250G -> Snacks & Sweets / 1905.90.00 / good
Query: update "products" set "hs_code" = $1, "category" = $2, "product_type" = $3 where "products"."id" = $4 -- params: ["1902.19.00", "Groceries - Pasta", "good", 9242]
Updated SOOPER SPAGHETTI 400G -> Groceries - Pasta / 1902.19.00 / good
Query: update "products" set "hs_code" = $1, "category" = $2, "product_type" = $3 where "products"."id" = $4 -- params: ["2106.90.90", "Groceries - Proteins", "good", 9243]
Updated SOYA CHUNKS 250G -> Groceries - Proteins / 2106.90.90 / good
Query: update "products" set "hs_code" = $1, "category" = $2, "product_type" = $3 where "products"."id" = $4 -- params: ["1902.19.00", "Groceries - Pasta", "good", 9244]
Updated SPEEDY NOODLES 70G -> Groceries - Pasta / 1902.19.00 / good
Query: update "products" set "hs_code" = $1, "category" = $2, "product_type" = $3 where "products"."id" = $4 -- params: ["2202.10.00", "Beverages - Non-Alcoholic", "good", 9245]
Updated SPRITE CAN 330ML -> Beverages - Non-Alcoholic / 2202.10.00 / good
Query: update "products" set "hs_code" = $1, "category" = $2, "product_type" = $3 where "products"."id" = $4 -- params: ["2106.90.90", "General Groceries", "good", 9246]
Updated SPUDS -> General Groceries / 2106.90.90 / good
Query: update "products" set "hs_code" = $1, "category" = $2, "product_type" = $3 where "products"."id" = $4 -- params: ["2106.90.90", "General Groceries", "good", 9247]
Updated SPUDS 30G -> General Groceries / 2106.90.90 / good
Query: update "products" set "hs_code" = $1, "category" = $2, "product_type" = $3 where "products"."id" = $4 -- params: ["2106.90.90", "General Groceries", "good", 9248]
Updated STA-SOFT 2L -> General Groceries / 2106.90.90 / good
Query: update "products" set "hs_code" = $1, "category" = $2, "product_type" = $3 where "products"."id" = $4 -- params: ["2106.90.90", "General Groceries", "good", 9249]
Updated STA-SOFT REFILL -> General Groceries / 2106.90.90 / good
Query: update "products" set "hs_code" = $1, "category" = $2, "product_type" = $3 where "products"."id" = $4 -- params: ["2106.90.90", "General Groceries", "good", 9251]
Updated STAR BASH PETROLEUM JELLY 300M -> General Groceries / 2106.90.90 / good
Query: update "products" set "hs_code" = $1, "category" = $2, "product_type" = $3 where "products"."id" = $4 -- params: ["2106.90.90", "General Groceries", "good", 9252]
Updated STAR BASH PETROLEUM JELLY 50ML -> General Groceries / 2106.90.90 / good
Query: update "products" set "hs_code" = $1, "category" = $2, "product_type" = $3 where "products"."id" = $4 -- params: ["2106.90.90", "General Groceries", "good", 9253]
Updated STAR BASH SPIRIT 100ML -> General Groceries / 2106.90.90 / good
Query: update "products" set "hs_code" = $1, "category" = $2, "product_type" = $3 where "products"."id" = $4 -- params: ["2208.90.00", "Beverages - Alcoholic", "good", 9254]
Updated STAR BRANDY 200ML -> Beverages - Alcoholic / 2208.90.00 / good
Query: update "products" set "hs_code" = $1, "category" = $2, "product_type" = $3 where "products"."id" = $4 -- params: ["2106.90.90", "General Groceries", "good", 9255]
Updated STAR CANE -> General Groceries / 2106.90.90 / good
Query: update "products" set "hs_code" = $1, "category" = $2, "product_type" = $3 where "products"."id" = $4 -- params: ["3402.20.00", "Cleaning & Detergents", "good", 9256]
Updated STARBASH  FLOOR POLISH 1L -> Cleaning & Detergents / 3402.20.00 / good
Query: update "products" set "hs_code" = $1, "category" = $2, "product_type" = $3 where "products"."id" = $4 -- params: ["2106.90.90", "General Groceries", "good", 9257]
Updated STARBASH BUBBLE BATH 1L -> General Groceries / 2106.90.90 / good
Query: update "products" set "hs_code" = $1, "category" = $2, "product_type" = $3 where "products"."id" = $4 -- params: ["3402.20.00", "Cleaning & Detergents", "good", 9258]
Updated STARBASH DISHWASHER 2L -> Cleaning & Detergents / 3402.20.00 / good
Query: update "products" set "hs_code" = $1, "category" = $2, "product_type" = $3 where "products"."id" = $4 -- params: ["3402.20.00", "Cleaning & Detergents", "good", 9259]
Updated STARBASH FLOUR POLISH 375ML -> Cleaning & Detergents / 3402.20.00 / good
Query: update "products" set "hs_code" = $1, "category" = $2, "product_type" = $3 where "products"."id" = $4 -- params: ["3304.99.00", "Toiletries & Cosmetics", "good", 9260]
Updated STARBASH LIQUID SOAP 750ML -> Toiletries & Cosmetics / 3304.99.00 / good
Query: update "products" set "hs_code" = $1, "category" = $2, "product_type" = $3 where "products"."id" = $4 -- params: ["2106.90.90", "General Groceries", "good", 9261]
Updated STARBASH PETROLEUM JELLY 100G -> General Groceries / 2106.90.90 / good
Query: update "products" set "hs_code" = $1, "category" = $2, "product_type" = $3 where "products"."id" = $4 -- params: ["3402.20.00", "Cleaning & Detergents", "good", 9262]
Updated STARBASH TOILET CLEANER 750ML -> Cleaning & Detergents / 3402.20.00 / good
Query: update "products" set "hs_code" = $1, "category" = $2, "product_type" = $3 where "products"."id" = $4 -- params: ["3304.99.00", "Toiletries & Cosmetics", "good", 9263]
Updated STAY FREE PADS -> Toiletries & Cosmetics / 3304.99.00 / good
Query: update "products" set "hs_code" = $1, "category" = $2, "product_type" = $3 where "products"."id" = $4 -- params: ["2106.90.90", "General Groceries", "good", 9264]
Updated STEAM IRON -> General Groceries / 2106.90.90 / good
Query: update "products" set "hs_code" = $1, "category" = $2, "product_type" = $3 where "products"."id" = $4 -- params: ["2106.90.90", "General Groceries", "good", 9265]
Updated STELLA TEA 125G -> General Groceries / 2106.90.90 / good
Query: update "products" set "hs_code" = $1, "category" = $2, "product_type" = $3 where "products"."id" = $4 -- params: ["2106.90.90", "General Groceries", "good", 9266]
Updated STELLA TEA 250G -> General Groceries / 2106.90.90 / good
Query: update "products" set "hs_code" = $1, "category" = $2, "product_type" = $3 where "products"."id" = $4 -- params: ["2106.90.90", "General Groceries", "good", 9267]
Updated STELLA TEA 62.5G -> General Groceries / 2106.90.90 / good
Query: update "products" set "hs_code" = $1, "category" = $2, "product_type" = $3 where "products"."id" = $4 -- params: ["2106.90.90", "General Groceries", "good", 9268]
Updated STERI MILK 500ML -> General Groceries / 2106.90.90 / good
Query: update "products" set "hs_code" = $1, "category" = $2, "product_type" = $3 where "products"."id" = $4 -- params: ["2106.90.90", "General Groceries", "good", 9269]
Updated STILL BASE 5L -> General Groceries / 2106.90.90 / good
Query: update "products" set "hs_code" = $1, "category" = $2, "product_type" = $3 where "products"."id" = $4 -- params: ["2106.90.90", "General Groceries", "good", 9270]
Updated STING 330ML -> General Groceries / 2106.90.90 / good
Query: update "products" set "hs_code" = $1, "category" = $2, "product_type" = $3 where "products"."id" = $4 -- params: ["2106.90.90", "General Groceries", "good", 9271]
Updated STING 500ML -> General Groceries / 2106.90.90 / good
Query: update "products" set "hs_code" = $1, "category" = $2, "product_type" = $3 where "products"."id" = $4 -- params: ["2106.90.90", "General Groceries", "good", 9272]
Updated STING CAN 440MLS -> General Groceries / 2106.90.90 / good
Query: update "products" set "hs_code" = $1, "category" = $2, "product_type" = $3 where "products"."id" = $4 -- params: ["2106.90.90", "General Groceries", "good", 9273]
Updated STING SPIRIT COOLER 275ML -> General Groceries / 2106.90.90 / good
Query: update "products" set "hs_code" = $1, "category" = $2, "product_type" = $3 where "products"."id" = $4 -- params: ["2106.90.90", "General Groceries", "good", 9274]
Updated STOMACHE TABLETS 2S -> General Groceries / 2106.90.90 / good
Query: update "products" set "hs_code" = $1, "category" = $2, "product_type" = $3 where "products"."id" = $4 -- params: ["2106.90.90", "General Groceries", "good", 9275]
Updated STRETTONS TRIPLE BERRY 750ML -> General Groceries / 2106.90.90 / good
Query: update "products" set "hs_code" = $1, "category" = $2, "product_type" = $3 where "products"."id" = $4 -- params: ["2106.90.90", "General Groceries", "good", 9276]
Updated STRETTONS WILD BERRIES 750ML. -> General Groceries / 2106.90.90 / good
Query: update "products" set "hs_code" = $1, "category" = $2, "product_type" = $3 where "products"."id" = $4 -- params: ["2106.90.90", "General Groceries", "good", 9277]
Updated STRONG FOAMBATH 500ML -> General Groceries / 2106.90.90 / good
Query: update "products" set "hs_code" = $1, "category" = $2, "product_type" = $3 where "products"."id" = $4 -- params: ["2106.90.90", "General Groceries", "good", 9278]
Updated STUMBO -> General Groceries / 2106.90.90 / good
Query: update "products" set "hs_code" = $1, "category" = $2, "product_type" = $3 where "products"."id" = $4 -- params: ["2106.90.90", "General Groceries", "good", 9279]
Updated STUMBO UNITS -> General Groceries / 2106.90.90 / good
Query: update "products" set "hs_code" = $1, "category" = $2, "product_type" = $3 where "products"."id" = $4 -- params: ["1512.19.00", "Groceries - Staples", "good", 9281]
Updated SUNFLOWER OIL 2L -> Groceries - Staples / 1512.19.00 / good
Query: update "products" set "hs_code" = $1, "category" = $2, "product_type" = $3 where "products"."id" = $4 -- params: ["1512.19.00", "Groceries - Staples", "good", 9282]
Updated SUNFLOWER OIL 750ML -> Groceries - Staples / 1512.19.00 / good
Query: update "products" set "hs_code" = $1, "category" = $2, "product_type" = $3 where "products"."id" = $4 -- params: ["2106.90.90", "General Groceries", "good", 9283]
Updated SUNJAM  500G -> General Groceries / 2106.90.90 / good
Query: update "products" set "hs_code" = $1, "category" = $2, "product_type" = $3 where "products"."id" = $4 -- params: ["2106.90.90", "General Groceries", "good", 9284]
Updated SUNJAM 1.2KG -> General Groceries / 2106.90.90 / good
Query: update "products" set "hs_code" = $1, "category" = $2, "product_type" = $3 where "products"."id" = $4 -- params: ["2106.90.90", "General Groceries", "good", 9285]
Updated SUNJAM 900G -> General Groceries / 2106.90.90 / good
Query: update "products" set "hs_code" = $1, "category" = $2, "product_type" = $3 where "products"."id" = $4 -- params: ["2106.90.90", "General Groceries", "good", 9286]
Updated SUNLIGHT ENERGYSAVER -> General Groceries / 2106.90.90 / good
Query: update "products" set "hs_code" = $1, "category" = $2, "product_type" = $3 where "products"."id" = $4 -- params: ["2106.90.90", "General Groceries", "good", 9287]
Updated SUNLIGHT LIQUID 750ML -> General Groceries / 2106.90.90 / good
Query: update "products" set "hs_code" = $1, "category" = $2, "product_type" = $3 where "products"."id" = $4 -- params: ["1102.20.00", "Groceries - Staples", "good", 9288]
Updated SUNNY MEALIE MEAL 10KG -> Groceries - Staples / 1102.20.00 / good
Query: update "products" set "hs_code" = $1, "category" = $2, "product_type" = $3 where "products"."id" = $4 -- params: ["2106.90.90", "General Groceries", "good", 9289]
Updated SUNNY PORRIDGE -> General Groceries / 2106.90.90 / good
Query: update "products" set "hs_code" = $1, "category" = $2, "product_type" = $3 where "products"."id" = $4 -- params: ["2106.90.90", "General Groceries", "good", 9290]
Updated SUNSOYA 2L -> General Groceries / 2106.90.90 / good
Query: update "products" set "hs_code" = $1, "category" = $2, "product_type" = $3 where "products"."id" = $4 -- params: ["1905.90.00", "Snacks & Sweets", "good", 9291]
Updated SUPER COOKIES BUCKET -> Snacks & Sweets / 1905.90.00 / good
Query: update "products" set "hs_code" = $1, "category" = $2, "product_type" = $3 where "products"."id" = $4 -- params: ["2106.90.90", "General Groceries", "good", 9292]
Updated SUPER MILK 1L -> General Groceries / 2106.90.90 / good
Query: update "products" set "hs_code" = $1, "category" = $2, "product_type" = $3 where "products"."id" = $4 -- params: ["2106.90.90", "General Groceries", "good", 9293]
Updated SUPER ROLLS 4S -> General Groceries / 2106.90.90 / good
Query: update "products" set "hs_code" = $1, "category" = $2, "product_type" = $3 where "products"."id" = $4 -- params: ["2106.90.90", "General Groceries", "good", 9294]
Updated SUPERBLACK DYE 60MLS -> General Groceries / 2106.90.90 / good
Query: update "products" set "hs_code" = $1, "category" = $2, "product_type" = $3 where "products"."id" = $4 -- params: ["2202.10.00", "Beverages - Non-Alcoholic", "good", 9296]
Updated SUPERSIP DRINKING YOGIE 400ML -> Beverages - Non-Alcoholic / 2202.10.00 / good
Query: update "products" set "hs_code" = $1, "category" = $2, "product_type" = $3 where "products"."id" = $4 -- params: ["1905.90.00", "Snacks & Sweets", "good", 9297]
Updated SWEET POTATOES -> Snacks & Sweets / 1905.90.00 / good
Query: update "products" set "hs_code" = $1, "category" = $2, "product_type" = $3 where "products"."id" = $4 -- params: ["2106.90.90", "General Groceries", "good", 9298]
Updated SWITCH 500ML -> General Groceries / 2106.90.90 / good
Query: update "products" set "hs_code" = $1, "category" = $2, "product_type" = $3 where "products"."id" = $4 -- params: ["2106.90.90", "General Groceries", "good", 9299]
Updated Sample Item 1 -> General Groceries / 2106.90.90 / good
Query: update "products" set "hs_code" = $1, "category" = $2, "product_type" = $3 where "products"."id" = $4 -- params: ["2106.90.90", "General Groceries", "good", 9300]
Updated Sample Item 10 -> General Groceries / 2106.90.90 / good
Query: update "products" set "hs_code" = $1, "category" = $2, "product_type" = $3 where "products"."id" = $4 -- params: ["2106.90.90", "General Groceries", "good", 9301]
Updated Sample Item 2 -> General Groceries / 2106.90.90 / good
Query: update "products" set "hs_code" = $1, "category" = $2, "product_type" = $3 where "products"."id" = $4 -- params: ["2106.90.90", "General Groceries", "good", 9302]
Updated Sample Item 3 -> General Groceries / 2106.90.90 / good
Query: update "products" set "hs_code" = $1, "category" = $2, "product_type" = $3 where "products"."id" = $4 -- params: ["2106.90.90", "General Groceries", "good", 9303]
Updated Sample Item 4 -> General Groceries / 2106.90.90 / good
Query: update "products" set "hs_code" = $1, "category" = $2, "product_type" = $3 where "products"."id" = $4 -- params: ["2106.90.90", "General Groceries", "good", 9304]
Updated Sample Item 5 -> General Groceries / 2106.90.90 / good
Query: update "products" set "hs_code" = $1, "category" = $2, "product_type" = $3 where "products"."id" = $4 -- params: ["2106.90.90", "General Groceries", "good", 9305]
Updated Sample Item 6 -> General Groceries / 2106.90.90 / good
Query: update "products" set "hs_code" = $1, "category" = $2, "product_type" = $3 where "products"."id" = $4 -- params: ["2106.90.90", "General Groceries", "good", 9306]
Updated Sample Item 7 -> General Groceries / 2106.90.90 / good
Query: update "products" set "hs_code" = $1, "category" = $2, "product_type" = $3 where "products"."id" = $4 -- params: ["2106.90.90", "General Groceries", "good", 9307]
Updated Sample Item 8 -> General Groceries / 2106.90.90 / good
Query: update "products" set "hs_code" = $1, "category" = $2, "product_type" = $3 where "products"."id" = $4 -- params: ["2106.90.90", "General Groceries", "good", 9308]
Updated Sample Item 9 -> General Groceries / 2106.90.90 / good
Query: update "products" set "hs_code" = $1, "category" = $2, "product_type" = $3 where "products"."id" = $4 -- params: ["2106.90.90", "General Groceries", "good", 9309]
Updated T C 5L -> General Groceries / 2106.90.90 / good
Query: update "products" set "hs_code" = $1, "category" = $2, "product_type" = $3 where "products"."id" = $4 -- params: ["2106.90.90", "General Groceries", "good", 9310]
Updated TANGANDA TEA 125G -> General Groceries / 2106.90.90 / good
Query: update "products" set "hs_code" = $1, "category" = $2, "product_type" = $3 where "products"."id" = $4 -- params: ["2106.90.90", "General Groceries", "good", 9311]
Updated TANGANDA TEA 250G -> General Groceries / 2106.90.90 / good
Query: update "products" set "hs_code" = $1, "category" = $2, "product_type" = $3 where "products"."id" = $4 -- params: ["2106.90.90", "General Groceries", "good", 9312]
Updated TANGANDA TEA 62.5G -> General Groceries / 2106.90.90 / good
Query: update "products" set "hs_code" = $1, "category" = $2, "product_type" = $3 where "products"."id" = $4 -- params: ["2106.90.90", "General Groceries", "good", 9313]
Updated TASTIC DOVI 1L -> General Groceries / 2106.90.90 / good
Query: update "products" set "hs_code" = $1, "category" = $2, "product_type" = $3 where "products"."id" = $4 -- params: ["2106.90.90", "General Groceries", "good", 9314]
Updated TASTIC DOVI SMALL -> General Groceries / 2106.90.90 / good
Query: update "products" set "hs_code" = $1, "category" = $2, "product_type" = $3 where "products"."id" = $4 -- params: ["2106.90.90", "General Groceries", "good", 9315]
Updated TAXI BAG -> General Groceries / 2106.90.90 / good
Query: update "products" set "hs_code" = $1, "category" = $2, "product_type" = $3 where "products"."id" = $4 -- params: ["2106.90.90", "General Groceries", "good", 9316]
Updated TEA LOAF -> General Groceries / 2106.90.90 / good
Query: update "products" set "hs_code" = $1, "category" = $2, "product_type" = $3 where "products"."id" = $4 -- params: ["2106.90.90", "General Groceries", "good", 9317]
Updated TEAM SNACKS -> General Groceries / 2106.90.90 / good
Query: update "products" set "hs_code" = $1, "category" = $2, "product_type" = $3 where "products"."id" = $4 -- params: ["2106.90.90", "General Groceries", "good", 9318]
Updated TETRAVARD 5G -> General Groceries / 2106.90.90 / good
Query: update "products" set "hs_code" = $1, "category" = $2, "product_type" = $3 where "products"."id" = $4 -- params: ["2106.90.90", "General Groceries", "good", 9319]
Updated TIGER EYE 200ML -> General Groceries / 2106.90.90 / good
Query: update "products" set "hs_code" = $1, "category" = $2, "product_type" = $3 where "products"."id" = $4 -- params: ["2106.90.90", "General Groceries", "good", 9320]
Updated TIP TOP VINEGAR 375ML -> General Groceries / 2106.90.90 / good
Query: update "products" set "hs_code" = $1, "category" = $2, "product_type" = $3 where "products"."id" = $4 -- params: ["2106.90.90", "General Groceries", "good", 9321]
Updated TIP TOP VINEGAR BIG -> General Groceries / 2106.90.90 / good
Query: update "products" set "hs_code" = $1, "category" = $2, "product_type" = $3 where "products"."id" = $4 -- params: ["2106.90.90", "General Groceries", "good", 9322]
Updated TIPS 125G -> General Groceries / 2106.90.90 / good
Query: update "products" set "hs_code" = $1, "category" = $2, "product_type" = $3 where "products"."id" = $4 -- params: ["2106.90.90", "General Groceries", "good", 9323]
Updated TIPS 250G -> General Groceries / 2106.90.90 / good
Query: update "products" set "hs_code" = $1, "category" = $2, "product_type" = $3 where "products"."id" = $4 -- params: ["2106.90.90", "General Groceries", "good", 9324]
Updated TIPS 62.5G -> General Groceries / 2106.90.90 / good
Query: update "products" set "hs_code" = $1, "category" = $2, "product_type" = $3 where "products"."id" = $4 -- params: ["3304.99.00", "Toiletries & Cosmetics", "good", 9325]
Updated TISSUE OIL 500ML -> Toiletries & Cosmetics / 3304.99.00 / good
Query: update "products" set "hs_code" = $1, "category" = $2, "product_type" = $3 where "products"."id" = $4 -- params: ["2106.90.90", "General Groceries", "good", 9326]
Updated TN BREAD -> General Groceries / 2106.90.90 / good
Query: update "products" set "hs_code" = $1, "category" = $2, "product_type" = $3 where "products"."id" = $4 -- params: ["3402.20.00", "Cleaning & Detergents", "good", 9327]
Updated TOILET CLEANER 500ML -> Cleaning & Detergents / 3402.20.00 / good
Query: update "products" set "hs_code" = $1, "category" = $2, "product_type" = $3 where "products"."id" = $4 -- params: ["2106.90.90", "General Groceries", "good", 9328]
Updated TOMANGO 375ML -> General Groceries / 2106.90.90 / good
Query: update "products" set "hs_code" = $1, "category" = $2, "product_type" = $3 where "products"."id" = $4 -- params: ["0702.00.00", "Fruits & Vegetables", "good", 9330]
Updated TOMATOES -> Fruits & Vegetables / 0702.00.00 / good
Query: update "products" set "hs_code" = $1, "category" = $2, "product_type" = $3 where "products"."id" = $4 -- params: ["2106.90.90", "General Groceries", "good", 9332]
Updated TOMCO -> General Groceries / 2106.90.90 / good
Query: update "products" set "hs_code" = $1, "category" = $2, "product_type" = $3 where "products"."id" = $4 -- params: ["3304.99.00", "Toiletries & Cosmetics", "good", 9333]
Updated TOOTHBRUSH GOLDENGATE -> Toiletries & Cosmetics / 3304.99.00 / good
Query: update "products" set "hs_code" = $1, "category" = $2, "product_type" = $3 where "products"."id" = $4 -- params: ["2106.90.90", "General Groceries", "good", 9334]
Updated TOP JAM 600G -> General Groceries / 2106.90.90 / good
Query: update "products" set "hs_code" = $1, "category" = $2, "product_type" = $3 where "products"."id" = $4 -- params: ["2106.90.90", "General Groceries", "good", 9335]
Updated TOP MIXED FRUIT JAM 400G -> General Groceries / 2106.90.90 / good
Query: update "products" set "hs_code" = $1, "category" = $2, "product_type" = $3 where "products"."id" = $4 -- params: ["3304.99.00", "Toiletries & Cosmetics", "good", 9336]
Updated TOP SOCIETY CREAM 500ML -> Toiletries & Cosmetics / 3304.99.00 / good
Query: update "products" set "hs_code" = $1, "category" = $2, "product_type" = $3 where "products"."id" = $4 -- params: ["2106.90.90", "General Groceries", "good", 9337]
Updated TORCH -> General Groceries / 2106.90.90 / good
Query: update "products" set "hs_code" = $1, "category" = $2, "product_type" = $3 where "products"."id" = $4 -- params: ["2106.90.90", "General Groceries", "good", 9338]
Updated TORCH CELLS 4S -> General Groceries / 2106.90.90 / good
Query: update "products" set "hs_code" = $1, "category" = $2, "product_type" = $3 where "products"."id" = $4 -- params: ["2106.90.90", "General Groceries", "good", 9339]
Updated TRIPPLE GLYCERINE 500G -> General Groceries / 2106.90.90 / good
Query: update "products" set "hs_code" = $1, "category" = $2, "product_type" = $3 where "products"."id" = $4 -- params: ["2106.90.90", "General Groceries", "good", 9340]
Updated TSUNGA BUNDLE -> General Groceries / 2106.90.90 / good
Query: update "products" set "hs_code" = $1, "category" = $2, "product_type" = $3 where "products"."id" = $4 -- params: ["2106.90.90", "General Groceries", "good", 9341]
Updated TSUNGA SMALL BUNDLE -> General Groceries / 2106.90.90 / good
Query: update "products" set "hs_code" = $1, "category" = $2, "product_type" = $3 where "products"."id" = $4 -- params: ["3304.99.00", "Toiletries & Cosmetics", "good", 9342]
Updated TWIN SAVER TISSUE 4S -> Toiletries & Cosmetics / 3304.99.00 / good
Query: update "products" set "hs_code" = $1, "category" = $2, "product_type" = $3 where "products"."id" = $4 -- params: ["2106.90.90", "General Groceries", "good", 9343]
Updated TWINSAVER SINGLES -> General Groceries / 2106.90.90 / good
Query: update "products" set "hs_code" = $1, "category" = $2, "product_type" = $3 where "products"."id" = $4 -- params: ["2106.90.90", "General Groceries", "good", 9344]
Updated TWO KEYS 200MLS -> General Groceries / 2106.90.90 / good
Query: update "products" set "hs_code" = $1, "category" = $2, "product_type" = $3 where "products"."id" = $4 -- params: ["2106.90.90", "General Groceries", "good", 9345]
Updated TWO KEYS 750ML -> General Groceries / 2106.90.90 / good
Query: update "products" set "hs_code" = $1, "category" = $2, "product_type" = $3 where "products"."id" = $4 -- params: ["2106.90.90", "General Groceries", "good", 9346]
Updated TWO KEYS HONEY 750MLS -> General Groceries / 2106.90.90 / good
Query: update "products" set "hs_code" = $1, "category" = $2, "product_type" = $3 where "products"."id" = $4 -- params: ["2106.90.90", "General Groceries", "good", 9347]
Updated TYPEK REAMS -> General Groceries / 2106.90.90 / good
Query: update "products" set "hs_code" = $1, "category" = $2, "product_type" = $3 where "products"."id" = $4 -- params: ["2106.90.90", "General Groceries", "good", 9348]
Updated U-FRESH 150MLS -> General Groceries / 2106.90.90 / good
Query: update "products" set "hs_code" = $1, "category" = $2, "product_type" = $3 where "products"."id" = $4 -- params: ["2106.90.90", "General Groceries", "good", 9349]
Updated U-FRESH 380MLS -> General Groceries / 2106.90.90 / good
Query: update "products" set "hs_code" = $1, "category" = $2, "product_type" = $3 where "products"."id" = $4 -- params: ["2106.90.90", "General Groceries", "good", 9350]
Updated UFRESH 550MLS -> General Groceries / 2106.90.90 / good
Query: update "products" set "hs_code" = $1, "category" = $2, "product_type" = $3 where "products"."id" = $4 -- params: ["2106.90.90", "General Groceries", "good", 9351]
Updated UFRESH MAHEU 520MLS -> General Groceries / 2106.90.90 / good
Query: update "products" set "hs_code" = $1, "category" = $2, "product_type" = $3 where "products"."id" = $4 -- params: ["2106.90.90", "General Groceries", "good", 9352]
Updated VALLEY PRIDE BEANS -> General Groceries / 2106.90.90 / good
Query: update "products" set "hs_code" = $1, "category" = $2, "product_type" = $3 where "products"."id" = $4 -- params: ["2106.90.90", "General Groceries", "good", 9353]
Updated VASELINE BLUESEAL 100ML -> General Groceries / 2106.90.90 / good
Query: update "products" set "hs_code" = $1, "category" = $2, "product_type" = $3 where "products"."id" = $4 -- params: ["2106.90.90", "General Groceries", "good", 9354]
Updated VASELINE BLUESEAL 250ML -> General Groceries / 2106.90.90 / good
Query: update "products" set "hs_code" = $1, "category" = $2, "product_type" = $3 where "products"."id" = $4 -- params: ["2106.90.90", "General Groceries", "good", 9355]
Updated VASELINE FOR MEN 250ML -> General Groceries / 2106.90.90 / good
Query: update "products" set "hs_code" = $1, "category" = $2, "product_type" = $3 where "products"."id" = $4 -- params: ["3304.99.00", "Toiletries & Cosmetics", "good", 9356]
Updated VASELINE LOTION 400G -> Toiletries & Cosmetics / 3304.99.00 / good
Query: update "products" set "hs_code" = $1, "category" = $2, "product_type" = $3 where "products"."id" = $4 -- params: ["2106.90.90", "General Groceries", "good", 9357]
Updated VAT 69 750ML -> General Groceries / 2106.90.90 / good
Query: update "products" set "hs_code" = $1, "category" = $2, "product_type" = $3 where "products"."id" = $4 -- params: ["3304.99.00", "Toiletries & Cosmetics", "good", 9358]
Updated VESTLINE CREAM -> Toiletries & Cosmetics / 3304.99.00 / good
Query: update "products" set "hs_code" = $1, "category" = $2, "product_type" = $3 where "products"."id" = $4 -- params: ["3304.99.00", "Toiletries & Cosmetics", "good", 9359]
Updated VESTLINE HAIRFOOD 120ML -> Toiletries & Cosmetics / 3304.99.00 / good
Query: update "products" set "hs_code" = $1, "category" = $2, "product_type" = $3 where "products"."id" = $4 -- params: ["3304.99.00", "Toiletries & Cosmetics", "good", 9360]
Updated VESTLINE HAIRFOOD 60ML -> Toiletries & Cosmetics / 3304.99.00 / good
Query: update "products" set "hs_code" = $1, "category" = $2, "product_type" = $3 where "products"."id" = $4 -- params: ["2106.90.90", "General Groceries", "good", 9361]
Updated VICEROY 200ML -> General Groceries / 2106.90.90 / good
Query: update "products" set "hs_code" = $1, "category" = $2, "product_type" = $3 where "products"."id" = $4 -- params: ["2106.90.90", "General Groceries", "good", 9362]
Updated VICEROY 750ML -> General Groceries / 2106.90.90 / good
Query: update "products" set "hs_code" = $1, "category" = $2, "product_type" = $3 where "products"."id" = $4 -- params: ["2106.90.90", "General Groceries", "good", 9363]
Updated VIM 500G -> General Groceries / 2106.90.90 / good
Query: update "products" set "hs_code" = $1, "category" = $2, "product_type" = $3 where "products"."id" = $4 -- params: ["2106.90.90", "General Groceries", "good", 9364]
Updated VINEGAR WINTER CHEM 500ML -> General Groceries / 2106.90.90 / good
Query: update "products" set "hs_code" = $1, "category" = $2, "product_type" = $3 where "products"."id" = $4 -- params: ["2106.90.90", "General Groceries", "good", 9365]
Updated VINEGAR WINTER CHEM 750ML -> General Groceries / 2106.90.90 / good
Query: update "products" set "hs_code" = $1, "category" = $2, "product_type" = $3 where "products"."id" = $4 -- params: ["2106.90.90", "General Groceries", "good", 9366]
Updated VIP PERFUME 50MLS -> General Groceries / 2106.90.90 / good
Query: update "products" set "hs_code" = $1, "category" = $2, "product_type" = $3 where "products"."id" = $4 -- params: ["2201.10.00", "Beverages - Non-Alcoholic", "good", 9367]
Updated WATER MELON LARGE -> Beverages - Non-Alcoholic / 2201.10.00 / good
Query: update "products" set "hs_code" = $1, "category" = $2, "product_type" = $3 where "products"."id" = $4 -- params: ["2201.10.00", "Beverages - Non-Alcoholic", "good", 9368]
Updated WATERMELON BIG -> Beverages - Non-Alcoholic / 2201.10.00 / good
Query: update "products" set "hs_code" = $1, "category" = $2, "product_type" = $3 where "products"."id" = $4 -- params: ["2201.10.00", "Beverages - Non-Alcoholic", "good", 9369]
Updated WATERMELON MEDIUM -> Beverages - Non-Alcoholic / 2201.10.00 / good
Query: update "products" set "hs_code" = $1, "category" = $2, "product_type" = $3 where "products"."id" = $4 -- params: ["2201.10.00", "Beverages - Non-Alcoholic", "good", 9370]
Updated WATERMELON SMALL -> Beverages - Non-Alcoholic / 2201.10.00 / good
Query: update "products" set "hs_code" = $1, "category" = $2, "product_type" = $3 where "products"."id" = $4 -- params: ["2106.90.90", "General Groceries", "good", 9371]
Updated WAVIES CHIPS 100G -> General Groceries / 2106.90.90 / good
Query: update "products" set "hs_code" = $1, "category" = $2, "product_type" = $3 where "products"."id" = $4 -- params: ["2106.90.90", "General Groceries", "good", 9372]
Updated WELLINGTON 750MLS -> General Groceries / 2106.90.90 / good
Query: update "products" set "hs_code" = $1, "category" = $2, "product_type" = $3 where "products"."id" = $4 -- params: ["2106.90.90", "General Groceries", "good", 9374]
Updated WILDCAT 500ML -> General Groceries / 2106.90.90 / good
Query: update "products" set "hs_code" = $1, "category" = $2, "product_type" = $3 where "products"."id" = $4 -- params: ["2106.90.90", "General Groceries", "good", 9375]
Updated WILLARDS CORNFLAKES 500G -> General Groceries / 2106.90.90 / good
Query: update "products" set "hs_code" = $1, "category" = $2, "product_type" = $3 where "products"."id" = $4 -- params: ["2106.90.90", "General Groceries", "good", 9376]
Updated WILLARDS KORN KURLS 100G -> General Groceries / 2106.90.90 / good
Query: update "products" set "hs_code" = $1, "category" = $2, "product_type" = $3 where "products"."id" = $4 -- params: ["2106.90.90", "General Groceries", "good", 9377]
Updated WILLARDS THINGS 150G -> General Groceries / 2106.90.90 / good
Query: update "products" set "hs_code" = $1, "category" = $2, "product_type" = $3 where "products"."id" = $4 -- params: ["2106.90.90", "General Groceries", "good", 9378]
Updated WILLARDS THINGS 75G -> General Groceries / 2106.90.90 / good
Query: update "products" set "hs_code" = $1, "category" = $2, "product_type" = $3 where "products"."id" = $4 -- params: ["2106.90.90", "General Groceries", "good", 9379]
Updated WINNER RICE 5KG -> General Groceries / 2106.90.90 / good
Query: update "products" set "hs_code" = $1, "category" = $2, "product_type" = $3 where "products"."id" = $4 -- params: ["3304.99.00", "Toiletries & Cosmetics", "good", 9380]
Updated WISH CREAMS 200G -> Toiletries & Cosmetics / 3304.99.00 / good
Query: update "products" set "hs_code" = $1, "category" = $2, "product_type" = $3 where "products"."id" = $4 -- params: ["2106.90.90", "General Groceries", "good", 9381]
Updated WOODS COUGH SYRUP 100ML -> General Groceries / 2106.90.90 / good
Query: update "products" set "hs_code" = $1, "category" = $2, "product_type" = $3 where "products"."id" = $4 -- params: ["2106.90.90", "General Groceries", "good", 9382]
Updated WOODS COUGH SYRUP 50MLS -> General Groceries / 2106.90.90 / good
Query: update "products" set "hs_code" = $1, "category" = $2, "product_type" = $3 where "products"."id" = $4 -- params: ["2106.90.90", "General Groceries", "good", 9383]
Updated WOODS SYRUP 100ML -> General Groceries / 2106.90.90 / good
Query: update "products" set "hs_code" = $1, "category" = $2, "product_type" = $3 where "products"."id" = $4 -- params: ["3402.20.00", "Cleaning & Detergents", "good", 9384]
Updated XTRA DISHWASHER 750ML -> Cleaning & Detergents / 3402.20.00 / good
Query: update "products" set "hs_code" = $1, "category" = $2, "product_type" = $3 where "products"."id" = $4 -- params: ["2106.90.90", "General Groceries", "good", 9385]
Updated XTRA WASHING POWDER 2KG -> General Groceries / 2106.90.90 / good
Query: update "products" set "hs_code" = $1, "category" = $2, "product_type" = $3 where "products"."id" = $4 -- params: ["2106.90.90", "General Groceries", "good", 9386]
Updated XZIMNACKS -> General Groceries / 2106.90.90 / good
Query: update "products" set "hs_code" = $1, "category" = $2, "product_type" = $3 where "products"."id" = $4 -- params: ["2102.10.00", "Baking Supplies", "good", 9387]
Updated YEAST -> Baking Supplies / 2102.10.00 / good
Query: update "products" set "hs_code" = $1, "category" = $2, "product_type" = $3 where "products"."id" = $4 -- params: ["3304.99.00", "Toiletries & Cosmetics", "good", 9388]
Updated YEBO  SOAP 150G -> Toiletries & Cosmetics / 3304.99.00 / good
Query: update "products" set "hs_code" = $1, "category" = $2, "product_type" = $3 where "products"."id" = $4 -- params: ["1902.19.00", "Groceries - Pasta", "good", 9389]
Updated YEBO SPAGHETTI -> Groceries - Pasta / 1902.19.00 / good
Query: update "products" set "hs_code" = $1, "category" = $2, "product_type" = $3 where "products"."id" = $4 -- params: ["2202.10.00", "Beverages - Non-Alcoholic", "good", 9390]
Updated YESS DRINKS 430ML -> Beverages - Non-Alcoholic / 2202.10.00 / good
Query: update "products" set "hs_code" = $1, "category" = $2, "product_type" = $3 where "products"."id" = $4 -- params: ["1905.90.00", "Snacks & Sweets", "good", 9391]
Updated YIPPY LOOSE BISCUITS 200G -> Snacks & Sweets / 1905.90.00 / good
Query: update "products" set "hs_code" = $1, "category" = $2, "product_type" = $3 where "products"."id" = $4 -- params: ["1902.19.00", "Groceries - Pasta", "good", 9392]
Updated YIPPY NOODLES -> Groceries - Pasta / 1902.19.00 / good
Query: update "products" set "hs_code" = $1, "category" = $2, "product_type" = $3 where "products"."id" = $4 -- params: ["2106.90.90", "General Groceries", "good", 9393]
Updated YM YUM  2KG -> General Groceries / 2106.90.90 / good
Query: update "products" set "hs_code" = $1, "category" = $2, "product_type" = $3 where "products"."id" = $4 -- params: ["2106.90.90", "General Groceries", "good", 9394]
Updated YOGIE 250ML -> General Groceries / 2106.90.90 / good
Query: update "products" set "hs_code" = $1, "category" = $2, "product_type" = $3 where "products"."id" = $4 -- params: ["1905.90.00", "Snacks & Sweets", "good", 9395]
Updated YUM YUM BISCUITS 2KG -> Snacks & Sweets / 1905.90.00 / good
Query: update "products" set "hs_code" = $1, "category" = $2, "product_type" = $3 where "products"."id" = $4 -- params: ["2106.90.90", "General Groceries", "good", 9396]
Updated YUM YUM ENERGEE30G -> General Groceries / 2106.90.90 / good
Query: update "products" set "hs_code" = $1, "category" = $2, "product_type" = $3 where "products"."id" = $4 -- params: ["2106.90.90", "General Groceries", "good", 9397]
Updated YUM YUM LOOSE BISC 250G -> General Groceries / 2106.90.90 / good
Query: update "products" set "hs_code" = $1, "category" = $2, "product_type" = $3 where "products"."id" = $4 -- params: ["2106.90.90", "General Groceries", "good", 9398]
Updated YUM YUM POTATO CHIPS  100G -> General Groceries / 2106.90.90 / good
Query: update "products" set "hs_code" = $1, "category" = $2, "product_type" = $3 where "products"."id" = $4 -- params: ["2106.90.90", "General Groceries", "good", 9399]
Updated YUMMY YOGHURTS 100ML -> General Groceries / 2106.90.90 / good
Query: update "products" set "hs_code" = $1, "category" = $2, "product_type" = $3 where "products"."id" = $4 -- params: ["1905.90.00", "Snacks & Sweets", "good", 9400]
Updated YUMMY YUMMY COOKIES -> Snacks & Sweets / 1905.90.00 / good
Query: update "products" set "hs_code" = $1, "category" = $2, "product_type" = $3 where "products"."id" = $4 -- params: ["2106.90.90", "General Groceries", "good", 9401]
Updated ZAMBEZI CAN 440MLS -> General Groceries / 2106.90.90 / good
Query: update "products" set "hs_code" = $1, "category" = $2, "product_type" = $3 where "products"."id" = $4 -- params: ["2106.90.90", "General Groceries", "good", 9402]
Updated ZAMBEZI CAN 500ML -> General Groceries / 2106.90.90 / good
Query: update "products" set "hs_code" = $1, "category" = $2, "product_type" = $3 where "products"."id" = $4 -- params: ["2106.90.90", "General Groceries", "good", 9403]
Updated ZAMBEZI PINTS 375ML -> General Groceries / 2106.90.90 / good
Query: update "products" set "hs_code" = $1, "category" = $2, "product_type" = $3 where "products"."id" = $4 -- params: ["2106.90.90", "General Groceries", "good", 9404]
Updated ZAMBEZI QUARTS -> General Groceries / 2106.90.90 / good
Query: update "products" set "hs_code" = $1, "category" = $2, "product_type" = $3 where "products"."id" = $4 -- params: ["2106.90.90", "General Groceries", "good", 9405]
Updated ZAPNAX 100G -> General Groceries / 2106.90.90 / good
Query: update "products" set "hs_code" = $1, "category" = $2, "product_type" = $3 where "products"."id" = $4 -- params: ["2106.90.90", "General Groceries", "good", 9406]
Updated ZIMGOLD 2L -> General Groceries / 2106.90.90 / good
Query: update "products" set "hs_code" = $1, "category" = $2, "product_type" = $3 where "products"."id" = $4 -- params: ["2106.90.90", "General Groceries", "good", 9407]
Updated ZIMGOLD 375MLS -> General Groceries / 2106.90.90 / good
Query: update "products" set "hs_code" = $1, "category" = $2, "product_type" = $3 where "products"."id" = $4 -- params: ["2106.90.90", "General Groceries", "good", 9408]
Updated ZIMGOLD LITE TUBS 500G -> General Groceries / 2106.90.90 / good
Query: update "products" set "hs_code" = $1, "category" = $2, "product_type" = $3 where "products"."id" = $4 -- params: ["2106.90.90", "General Groceries", "good", 9409]
Updated ZIMGOLD MAGARINE BRICK -> General Groceries / 2106.90.90 / good
Query: update "products" set "hs_code" = $1, "category" = $2, "product_type" = $3 where "products"."id" = $4 -- params: ["2106.90.90", "General Groceries", "good", 9410]
Updated ZIMNAKS -> General Groceries / 2106.90.90 / good
Query: update "products" set "hs_code" = $1, "category" = $2, "product_type" = $3 where "products"."id" = $4 -- params: ["2106.90.90", "General Groceries", "good", 9411]
Updated ZUNDEMAHEU 500ML -> General Groceries / 2106.90.90 / good
Query: update "products" set "hs_code" = $1, "category" = $2, "product_type" = $3 where "products"."id" = $4 -- params: ["2106.90.90", "General Groceries", "good", 9412]
Updated chibuku super -> General Groceries / 2106.90.90 / good
Query: update "products" set "hs_code" = $1, "category" = $2, "product_type" = $3 where "products"."id" = $4 -- params: ["2202.10.00", "Beverages - Non-Alcoholic", "good", 9413]
Updated drinking chocolate 125g -> Beverages - Non-Alcoholic / 2202.10.00 / good
Query: update "products" set "hs_code" = $1, "category" = $2, "product_type" = $3 where "products"."id" = $4 -- params: ["2106.90.90", "General Groceries", "good", 9414]
Updated pacitah 250g -> General Groceries / 2106.90.90 / good
Query: update "products" set "hs_code" = $1, "category" = $2, "product_type" = $3 where "products"."id" = $4 -- params: ["4820.20.00", "Stationery", "good", 8449]
Updated 1 QUIRE COUNTER BOOKS -> Stationery / 4820.20.00 / good
Query: update "products" set "hs_code" = $1, "category" = $2, "product_type" = $3 where "products"."id" = $4 -- params: ["4820.20.00", "Stationery", "good", 8456]
Updated 3QUIRE COUNTER BOOKS -> Stationery / 4820.20.00 / good
Query: update "products" set "hs_code" = $1, "category" = $2, "product_type" = $3 where "products"."id" = $4 -- params: ["2102.10.00", "Baking Supplies", "good", 8497]
Updated ANCHOR YEAST 110G -> Baking Supplies / 2102.10.00 / good
Query: update "products" set "hs_code" = $1, "category" = $2, "product_type" = $3 where "products"."id" = $4 -- params: ["3304.99.00", "Toiletries & Cosmetics", "good", 8505]
Updated ARENEL LEMON CREAMS 120G -> Toiletries & Cosmetics / 3304.99.00 / good
Query: update "products" set "hs_code" = $1, "category" = $2, "product_type" = $3 where "products"."id" = $4 -- params: ["2106.90.90", "General Groceries", "good", 8544]
Updated BICKIES 100G -> General Groceries / 2106.90.90 / good
Query: update "products" set "hs_code" = $1, "category" = $2, "product_type" = $3 where "products"."id" = $4 -- params: ["3402.20.00", "Cleaning & Detergents", "good", 8579]
Updated BOOM DISHWASHER 750ML -> Cleaning & Detergents / 3402.20.00 / good
Query: update "products" set "hs_code" = $1, "category" = $2, "product_type" = $3 where "products"."id" = $4 -- params: ["2208.90.00", "Beverages - Alcoholic", "good", 8592]
Updated BRUTAL FRUIT 275MLS -> Beverages - Alcoholic / 2208.90.00 / good
Query: update "products" set "hs_code" = $1, "category" = $2, "product_type" = $3 where "products"."id" = $4 -- params: ["2106.90.90", "General Groceries", "good", 8596]
Updated BUTTERCUP  500G BRICK -> General Groceries / 2106.90.90 / good
Query: update "products" set "hs_code" = $1, "category" = $2, "product_type" = $3 where "products"."id" = $4 -- params: ["2106.90.90", "General Groceries", "good", 8640]
Updated CHARHONS 200G -> General Groceries / 2106.90.90 / good
Query: update "products" set "hs_code" = $1, "category" = $2, "product_type" = $3 where "products"."id" = $4 -- params: ["1905.90.00", "Snacks & Sweets", "good", 8647]
Updated CHARHONS COOKIES 500G -> Snacks & Sweets / 1905.90.00 / good
Query: update "products" set "hs_code" = $1, "category" = $2, "product_type" = $3 where "products"."id" = $4 -- params: ["2106.90.90", "General Groceries", "good", 8652]
Updated CHICKEN FLINGZ 100G -> General Groceries / 2106.90.90 / good
Query: update "products" set "hs_code" = $1, "category" = $2, "product_type" = $3 where "products"."id" = $4 -- params: ["2106.90.90", "General Groceries", "good", 8654]
Updated CHILLI 200ML -> General Groceries / 2106.90.90 / good
Query: update "products" set "hs_code" = $1, "category" = $2, "product_type" = $3 where "products"."id" = $4 -- params: ["2106.90.90", "General Groceries", "good", 8655]
Updated CHIMERA  500G -> General Groceries / 2106.90.90 / good
Query: update "products" set "hs_code" = $1, "category" = $2, "product_type" = $3 where "products"."id" = $4 -- params: ["2106.90.90", "General Groceries", "good", 8656]
Updated CHIMOMBE 1L -> General Groceries / 2106.90.90 / good
Query: update "products" set "hs_code" = $1, "category" = $2, "product_type" = $3 where "products"."id" = $4 -- params: ["1905.90.00", "Snacks & Sweets", "good", 8657]
Updated CHOCOLATE BISCUITS -> Snacks & Sweets / 1905.90.00 / good
Query: update "products" set "hs_code" = $1, "category" = $2, "product_type" = $3 where "products"."id" = $4 -- params: ["1905.90.00", "Snacks & Sweets", "good", 8658]
Updated CHOCOLATE COOKIES 500G -> Snacks & Sweets / 1905.90.00 / good
Query: update "products" set "hs_code" = $1, "category" = $2, "product_type" = $3 where "products"."id" = $4 -- params: ["2106.90.90", "General Groceries", "good", 8659]
Updated CHOICE ASSORTED -> General Groceries / 2106.90.90 / good
Query: update "products" set "hs_code" = $1, "category" = $2, "product_type" = $3 where "products"."id" = $4 -- params: ["2106.90.90", "General Groceries", "good", 8660]
Updated CHOMPKINS 100G -> General Groceries / 2106.90.90 / good
Query: update "products" set "hs_code" = $1, "category" = $2, "product_type" = $3 where "products"."id" = $4 -- params: ["2106.90.90", "Groceries - Proteins", "good", 8661]
Updated CHUNKS 2KG -> Groceries - Proteins / 2106.90.90 / good
Query: update "products" set "hs_code" = $1, "category" = $2, "product_type" = $3 where "products"."id" = $4 -- params: ["2106.90.90", "Groceries - Proteins", "good", 8662]
Updated CHUNKS 3KG -> Groceries - Proteins / 2106.90.90 / good
Query: update "products" set "hs_code" = $1, "category" = $2, "product_type" = $3 where "products"."id" = $4 -- params: ["2106.90.90", "Groceries - Proteins", "good", 8663]
Updated CHUNKS MEGA -> Groceries - Proteins / 2106.90.90 / good
Query: update "products" set "hs_code" = $1, "category" = $2, "product_type" = $3 where "products"."id" = $4 -- params: ["2202.10.00", "Beverages - Non-Alcoholic", "good", 8664]
Updated CITRO JUICE 1L -> Beverages - Non-Alcoholic / 2202.10.00 / good
Query: update "products" set "hs_code" = $1, "category" = $2, "product_type" = $3 where "products"."id" = $4 -- params: ["2106.90.90", "General Groceries", "good", 8684]
Updated COLD CARE 4S -> General Groceries / 2106.90.90 / good
Query: update "products" set "hs_code" = $1, "category" = $2, "product_type" = $3 where "products"."id" = $4 -- params: ["3304.99.00", "Toiletries & Cosmetics", "good", 8717]
Updated DAX HAIR GROWER 125ML -> Toiletries & Cosmetics / 3304.99.00 / good
Query: update "products" set "hs_code" = $1, "category" = $2, "product_type" = $3 where "products"."id" = $4 -- params: ["2106.90.90", "General Groceries", "good", 8730]
Updated DLITE 750ML -> General Groceries / 2106.90.90 / good
Query: update "products" set "hs_code" = $1, "category" = $2, "product_type" = $3 where "products"."id" = $4 -- params: ["2106.90.90", "General Groceries", "good", 8736]
Updated DR MINT 100PCS -> General Groceries / 2106.90.90 / good
Query: update "products" set "hs_code" = $1, "category" = $2, "product_type" = $3 where "products"."id" = $4 -- params: ["2202.10.00", "Beverages - Non-Alcoholic", "good", 8775]
Updated FIZZI 2L -> Beverages - Non-Alcoholic / 2202.10.00 / good
Query: update "products" set "hs_code" = $1, "category" = $2, "product_type" = $3 where "products"."id" = $4 -- params: ["3304.99.00", "Toiletries & Cosmetics", "good", 8783]
Updated FOREVER RED SPRAY -> Toiletries & Cosmetics / 3304.99.00 / good
Query: update "products" set "hs_code" = $1, "category" = $2, "product_type" = $3 where "products"."id" = $4 -- params: ["2106.90.90", "General Groceries", "good", 8816]
Updated GOLD BLEND 750ML -> General Groceries / 2106.90.90 / good
Query: update "products" set "hs_code" = $1, "category" = $2, "product_type" = $3 where "products"."id" = $4 -- params: ["3304.99.00", "Toiletries & Cosmetics", "good", 8840]
Updated HAIR REMOVER -ALOE 50ML -> Toiletries & Cosmetics / 3304.99.00 / good
Query: update "products" set "hs_code" = $1, "category" = $2, "product_type" = $3 where "products"."id" = $4 -- params: ["3304.99.00", "Toiletries & Cosmetics", "good", 8841]
Updated HAIR REMOVER COSMO SILK -> Toiletries & Cosmetics / 3304.99.00 / good
Query: update "products" set "hs_code" = $1, "category" = $2, "product_type" = $3 where "products"."id" = $4 -- params: ["3402.20.00", "Cleaning & Detergents", "good", 8850]
Updated HARPIC 500ML -> Cleaning & Detergents / 3402.20.00 / good
Query: update "products" set "hs_code" = $1, "category" = $2, "product_type" = $3 where "products"."id" = $4 -- params: ["7319.90.00", "Hardware & Misc", "good", 8863]
Updated HOUSEHOLD NEEDLES -> Hardware & Misc / 7319.90.00 / good
Query: update "products" set "hs_code" = $1, "category" = $2, "product_type" = $3 where "products"."id" = $4 -- params: ["1701.99.00", "Groceries - Staples", "good", 8873]
Updated ICING SUGAR 500G -> Groceries - Staples / 1701.99.00 / good
Query: update "products" set "hs_code" = $1, "category" = $2, "product_type" = $3 where "products"."id" = $4 -- params: ["1905.90.00", "Snacks & Sweets", "good", 8888]
Updated JAY JAY CHOCOLATE COATED BISC -> Snacks & Sweets / 1905.90.00 / good
Query: update "products" set "hs_code" = $1, "category" = $2, "product_type" = $3 where "products"."id" = $4 -- params: ["3402.20.00", "Cleaning & Detergents", "good", 8891]
Updated JIK 500ML -> Cleaning & Detergents / 3402.20.00 / good
Query: update "products" set "hs_code" = $1, "category" = $2, "product_type" = $3 where "products"."id" = $4 -- params: ["2106.90.90", "General Groceries", "good", 8893]
Updated JNB 2KG -> General Groceries / 2106.90.90 / good
Query: update "products" set "hs_code" = $1, "category" = $2, "product_type" = $3 where "products"."id" = $4 -- params: ["2202.10.00", "Beverages - Non-Alcoholic", "good", 8904]
Updated JUICE PLUS 5L -> Beverages - Non-Alcoholic / 2202.10.00 / good
Query: update "products" set "hs_code" = $1, "category" = $2, "product_type" = $3 where "products"."id" = $4 -- params: ["2202.10.00", "Beverages - Non-Alcoholic", "good", 8910]
Updated JUWISY DRINK 500MLS -> Beverages - Non-Alcoholic / 2202.10.00 / good
Query: update "products" set "hs_code" = $1, "category" = $2, "product_type" = $3 where "products"."id" = $4 -- params: ["2208.90.00", "Beverages - Alcoholic", "good", 8920]
Updated KEBERG GIN 200MLS -> Beverages - Alcoholic / 2208.90.00 / good
Query: update "products" set "hs_code" = $1, "category" = $2, "product_type" = $3 where "products"."id" = $4 -- params: ["2106.90.90", "General Groceries", "good", 8935]
Updated KOMBUCHA 330ML -> General Groceries / 2106.90.90 / good
Query: update "products" set "hs_code" = $1, "category" = $2, "product_type" = $3 where "products"."id" = $4 -- params: ["0805.50.00", "Fruits & Vegetables", "good", 8954]
Updated LEMONS -> Fruits & Vegetables / 0805.50.00 / good
Query: update "products" set "hs_code" = $1, "category" = $2, "product_type" = $3 where "products"."id" = $4 -- params: ["2106.90.90", "General Groceries", "good", 8961]
Updated LION QUARTS -> General Groceries / 2106.90.90 / good
Query: update "products" set "hs_code" = $1, "category" = $2, "product_type" = $3 where "products"."id" = $4 -- params: ["1102.20.00", "Groceries - Staples", "good", 8971]
Updated LOVE EAT  MEALIE MEAL 10KG -> Groceries - Staples / 1102.20.00 / good
Query: update "products" set "hs_code" = $1, "category" = $2, "product_type" = $3 where "products"."id" = $4 -- params: ["3402.20.00", "Cleaning & Detergents", "good", 8991]
Updated MAQ 500G -> Cleaning & Detergents / 3402.20.00 / good
Query: update "products" set "hs_code" = $1, "category" = $2, "product_type" = $3 where "products"."id" = $4 -- params: ["0305.59.00", "Groceries - Proteins", "good", 9002]
Updated MATEMBA 250G -> Groceries - Proteins / 0305.59.00 / good
Query: update "products" set "hs_code" = $1, "category" = $2, "product_type" = $3 where "products"."id" = $4 -- params: ["2202.10.00", "Beverages - Non-Alcoholic", "good", 9037]
Updated MINUTE MAID APPLE -> Beverages - Non-Alcoholic / 2202.10.00 / good
Query: update "products" set "hs_code" = $1, "category" = $2, "product_type" = $3 where "products"."id" = $4 -- params: ["2202.10.00", "Beverages - Non-Alcoholic", "good", 9038]
Updated MINUTE MAID BERRY -> Beverages - Non-Alcoholic / 2202.10.00 / good
Query: update "products" set "hs_code" = $1, "category" = $2, "product_type" = $3 where "products"."id" = $4 -- params: ["3304.99.00", "Toiletries & Cosmetics", "good", 9097]
Updated OH SO HEAVENLY BODY LOTION 720 -> Toiletries & Cosmetics / 3304.99.00 / good
Query: update "products" set "hs_code" = $1, "category" = $2, "product_type" = $3 where "products"."id" = $4 -- params: ["3304.99.00", "Toiletries & Cosmetics", "good", 9102]
Updated OLIVE OIL SPRAY 300ML -> Toiletries & Cosmetics / 3304.99.00 / good
Query: update "products" set "hs_code" = $1, "category" = $2, "product_type" = $3 where "products"."id" = $4 -- params: ["0808.10.00", "Fruits & Vegetables", "good", 9133]
Updated PINEAPPLE FLAVOURED SUPER 1.25 -> Fruits & Vegetables / 0808.10.00 / good
Query: update "products" set "hs_code" = $1, "category" = $2, "product_type" = $3 where "products"."id" = $4 -- params: ["2106.90.90", "General Groceries", "good", 9152]
Updated POWERPLAY 440MLS -> General Groceries / 2106.90.90 / good
Query: update "products" set "hs_code" = $1, "category" = $2, "product_type" = $3 where "products"."id" = $4 -- params: ["2106.90.90", "General Groceries", "good", 9193]
Updated ROMEO GLYCERINE 100G -> General Groceries / 2106.90.90 / good
Query: update "products" set "hs_code" = $1, "category" = $2, "product_type" = $3 where "products"."id" = $4 -- params: ["1102.20.00", "Groceries - Staples", "good", 9197]
Updated ROYAL MEALIE MEAL 10KG -> Groceries - Staples / 1102.20.00 / good
Query: update "products" set "hs_code" = $1, "category" = $2, "product_type" = $3 where "products"."id" = $4 -- params: ["2106.90.90", "General Groceries", "good", 9233]
Updated SOFT N FREE 250ML -> General Groceries / 2106.90.90 / good
Query: update "products" set "hs_code" = $1, "category" = $2, "product_type" = $3 where "products"."id" = $4 -- params: ["2106.90.90", "General Groceries", "good", 9250]
Updated STAR BASH BUBBLE BATH 500ML -> General Groceries / 2106.90.90 / good
Query: update "products" set "hs_code" = $1, "category" = $2, "product_type" = $3 where "products"."id" = $4 -- params: ["1701.99.00", "Groceries - Staples", "good", 9280]
Updated SUGAR 2KG -> Groceries - Staples / 1701.99.00 / good
Query: update "products" set "hs_code" = $1, "category" = $2, "product_type" = $3 where "products"."id" = $4 -- params: ["8212.10.00", "Hardware & Misc", "good", 9295]
Updated SUPERMAX RAZOR BLADES -> Hardware & Misc / 8212.10.00 / good
Query: update "products" set "hs_code" = $1, "category" = $2, "product_type" = $3 where "products"."id" = $4 -- params: ["2103.90.00", "Groceries - Condiments", "good", 9329]
Updated TOMANGO SAUCE 375ML -> Groceries - Condiments / 2103.90.00 / good
Query: update "products" set "hs_code" = $1, "category" = $2, "product_type" = $3 where "products"."id" = $4 -- params: ["0702.00.00", "Fruits & Vegetables", "good", 9331]
Updated TOMATOES 50C PACK -> Fruits & Vegetables / 0702.00.00 / good
Query: update "products" set "hs_code" = $1, "category" = $2, "product_type" = $3 where "products"."id" = $4 -- params: ["2106.90.90", "General Groceries", "good", 9373]
Updated WHITESTONE 750ML -> General Groceries / 2106.90.90 / good
Successfully updated 966 products.
